uuid,urban_percentage,urban_built_up_area_m2,polygon_total_area_m2
93e48341dbaa4be29a38b856d94206c5,0.0,0.0,153147286.7303741
939149831ea34c3e94712cc42c17c46a,0.0,0.0,9880933.816208474
931831f75479454cb3938811e64ce882,0.0,0.0,11800292.32853213
91bc68dde43646289c9e75b7d59e1711,0.0,0.0,127383622.69500428
8b849511de80423f98918f55af323e7e,0.0,0.0,105184.9111590413
89d525b8bca9417d97389e8a498794c9,0.0,0.0,18173930.270967204
8995bd586b894e21b6a780941c98af5b,0.0,0.0,5666358.543320297
87f649c88cd244279f87eb302009ebef,0.0,0.0,5014663.930885867
7948a34fe7874f10b254776c2d312784,0.0,0.0,1137985838.2439485
77ce167a60fe424ea0fc2e11ad22f2f9,0.0,0.0,13646776.05680311
7722bd8dda81452b89d64424e743a624,0.0,0.0,469110.2466081635
76fa97d408be44fb935ce382319073c8,0.0,0.0,47112869.4137019
76702be6940e421da3eae8542c86eb84,0.0,0.0,10396006.620687826
872d57f7865944a597d154bd17f02439,0.0,0.0,903026551.2322749
86b08dbc30594a4d9a78bd69d513648f,0.0,0.0,31122841.866360564
835f6b870ae44a4f928273784e657f38,0.0,0.0,363395126.21153647
82a8858c369b41f5b96e94a362d9bf0c,0.0,0.0,26339635.727812763
80808535b54c4a6c9fb41ffd2ce7644d,0.0,0.0,9623886.356657222
7f5f5fef238d44869f87be019977d22e,0.0,0.0,176323.50041324383
7e675fb2f59347478537dc65f9635e76,0.0,0.0,55776369.47212857
7d9696751e9d4af7baaf6fa0b80c0b8a,0.0,0.0,6829549.294939218
7d7892e7fb27416f9085ee80cb58b0b7,0.0,0.0,28522139.179445762
7c0e77bd5cbc4855ae46ad820037a9fa,0.0,0.0,295584.32739181386
7c044cf7b62f4ca182bc8b8fef678fba,0.0,0.0,36779.4469276504
d5feff2c53e24e4eb84794482d772285,0.0,0.0,52123526.65222929
d36e04e6adec4729872e2f9a533d26cf,0.0,0.0,184561275.23675463
d35c83ecd3794f86896c91b01998e90b,0.0,0.0,27310636.30979529
d11caa7f88df4b3bacb513ffa2ca863b,0.0,0.0,20985418.077290963
cf2c9ea97c854a4f88def7dae777be31,0.0,0.0,797434173.4257796
cf04a9c163e5431089d85ee073ca96a9,0.0,0.0,20480130.45402538
cbf6a4bedd354f0bb2d9413036ec05b7,0.0,0.0,40946.92546244568
cbb58d426b64424a8e0545bb1799c467,0.0,0.0,154216253.13804924
cb060b9e01cb4d4588d1c44a036ad758,0.0,0.0,22023311.9013303
bc45a2fb0d9f4f82a58e879bfd498b35,0.0,0.0,5023101.257691637
bb22510dbb174b5c9de850e556edd237,0.0,0.0,48732970.88281513
b676cd1774d14d6289a1a5a95da0422d,0.0,0.0,20396706.134756222
c998e96ef8a84608a0c418be7e4942cc,0.0,0.0,274625.8796201745
c5adc6b33878456c945b251a6908e1e3,0.0,0.0,3160684011.573628
c3e648c993554c65b747dcdfc3d37201,0.0,0.0,10806643.886990836
c3295bc3438c4abaa735ddb87738d6b4,0.0,0.0,3877102.5496998895
c2c71e430ee949c19f7c2b78f27456f4,0.0,0.0,880692.8432765348
c1eb7597039d4035a7763e3b582bb2e4,0.0,0.0,54589.566405255835
c0c38546a4d848809d882bccf7d1c81e,0.0,0.0,13903184.535995632
bf29ef79eefb4748872d600493fe71cb,0.0,0.0,96885.62598583984
bf09ab1f24e74b1ebaca9f094d7bff83,0.0,0.0,11884699.196502626
b53bc2fde2264fca86d3e17cb5ee4bc9,0.0,0.0,29969770.058345146
b5604b11a671452ba73215ce07764b12,0.0,0.0,6656861.25804427
b115756dfea9455f882b9ddee79e763c,0.0,0.0,66437842.69022361
ae47ebc9ec9f469b97266ecef226e09b,0.0,0.0,11310857.46973065
ad38900f35254ce9b6f3cfd9a2946a48,0.0,0.0,398709405.45552844
acf5f7efc741445fbac50d10f3a9ff34,0.0,0.0,43934213.48806447
aa0e7f97d60a41faaefa4ab560636526,0.0,0.0,14725272.151379894
aa2431ac5d8a49ccb1c48d3e5ad93a9b,0.0,0.0,191628018.47203502
98be14ee42254c2cb39d0388b5e22333,0.0,0.0,38188.17140934877
986ebdf10cd84da183dccfff860bc63e,0.0,0.0,99849385.24792361
9822aa477e304443ba7f233c5dcbe82e,0.0,0.0,1156804122.0507886
97b61a4fa8554bd49cde19c4b931e19c,0.0,0.0,20632962.1938809
960da5abd9ed4b08aa791a7b6fe651f8,0.0,0.0,2239298.0009215325
a4aec5229597492ebb55c667480871a4,0.0,0.0,68002787.91473156
a46ed5bd7aef4c6eb3895b16eb614949,0.0,0.0,1118803.985027196
a4173edb051048dbaacc38ada188fae3,0.0,0.0,71639.03755710568
a2d061731ead426589390dde4f35ba4c,0.0,0.0,309490.72922258807
9f982a121f494a9e94306cf3bf17065c,0.0,0.0,526282371.5334153
9fcf32105dcc47ff992b1ca65f4ea8d5,0.0,0.0,18310364.055179097
9c4d44d36b1042419619338b8c1aa5a9,0.0,0.0,10932353.895339986
f6a81ecdb6224bbfbdbc3aaaef4b3627,0.0,0.0,2045458.2462901857
f563da9ac06d4019852d75b3c7711af7,0.0,0.0,14452203.98316189
f4a43721a0d44494b8d576e84271bd46,0.0,0.0,1763657.84767014
f3f9d8d6220e4ba4bce7a45d2d52f49a,0.0,0.0,708305.5623038218
f4401289d60046d1a8fae0698386185e,0.0,0.0,31068630.841172412
d8374adff24e415e8dba1a66e55df7e4,0.0,0.0,13301377.967398014
d7a0f3046c15458cb4b4dd0bf798627d,0.0,0.0,2937805.6662657103
f0a75c9dda4a47d08bbe21f793fbd98c,0.0,0.0,3463184466.717739
eee18cbe6bfe4958880a25df36e691b9,0.0,0.0,9613857.401983242
ee21aa9a91f24974b3497b2ab0868ff0,0.0,0.0,4882728.637274435
edd79051bd03492789f997d266f1cdd4,0.0,0.0,17722883.494686287
ed9dc7ff02cb4ed4aaa4fde675536a6b,0.0,0.0,3488331.9338077437
ed5d57a475604e2db9784d787bf7ea04,0.0,0.0,341544915.1620199
de0c745b4d984854b19bfc27eb4284f6,0.0,0.0,24830407.960290674
dd7bafff32f44219bcb70053ba28580a,0.0,0.0,9449602.49113113
dd4720fc09eb47b3b1fc500c8d65a72f,0.0,0.0,133735018.7212639
d867a63996034609bbb4130c7c2102af,0.0,0.0,3184512.5263264454
d873447c74314db5af1e7a3331736736,0.0,0.0,7313317.675512195
e7bf616250f04aa3b76e7f7cfb0b7517,0.0,0.0,958261.1245674375
e79c1c35366648fbb28bf435a3a33585,0.0,0.0,195780190.346869
e5e2c0a36a5b4230b0ff9e015769642a,0.0,0.0,442119.7970614123
e3a188e1ce4e475da63f538f59cdd9cc,0.0,0.0,27872212.10651508
e34c1fe5eecd4b56bd8342bc520f3566,0.0,0.0,2394804.675592495
e2dc20def1494c87ac1e798302e5e536,0.0,0.0,1529352.2086660976
e22089fe68e9467094dea2ce0c70c87a,0.0,0.0,29378351.378916644
df765c1786c54eec9c7c59da19b277ee,0.0,0.0,1279900.0198184384
ff97143c9bb14f62aec85837c1eb74ce,0.0,0.0,952798.1678626557
fd2d744e0b1041ecb0cf520cded34633,0.0,0.0,4143927.7605801644
fca212f705144c5e8efcfbe70ed49bf3,0.0,0.0,5101457.349205132
f931e584887d4457910c5451f5e57a59,0.0,0.0,2179217427.5794883
f8bfaccdb227411cbec7be691baba33f,0.0,0.0,3913702.401880767
f7d94c75d2414b3e93b5711da7cfefb0,0.0,0.0,23237295.289289296
414cf7052f484418944ec3896f62e542,0.0,0.0,3870183.969155028
228de15a5e3e4cf1acdbf36ab52e5444,0.0,0.0,30505233.668605965
21f936b1d44244a995f085f667ac24de,0.0,0.0,42265117.73296116
3ca9e9cba8584a7083007a9605e2e22a,0.0,0.0,7373937.243260585
39a7073e73af4747a56d907cd9f1768e,0.0,0.0,22140878.56288651
38a2546dd29b4cb08bbd1fb86f6e6520,0.0,0.0,87064460.21116339
2a7f263f612747fa8679b809a63a82ca,0.0,0.0,12702251.893691294
296abe280da946ba8c1731c108c1ffc1,0.0,0.0,7462163.322304138
2844ab4fe9f74e0290c929e8400a4cf7,0.0,0.0,35494715.37018403
2454d30d99dd4918868be3952d610c49,0.0,0.0,1509539.082559504
23fae607a62340399f7389aace65a630,0.0,0.0,342099.3406410283
35cb1a94fcc0461d89a365038cdc7e65,0.0,0.0,1971750.2934289207
352f931c7172401385da5874d11254e2,0.0,0.0,18022146.75118414
34a985d0324649adaabe0c03d39b9aa9,0.0,0.0,5828586.07628399
3089e1b1d29c4095acff77dc9d26e572,0.0,0.0,252478568.66571033
2f22ec51b5c54bb89ab98fa796ae51be,0.0,0.0,47918061.79499425
2cb9a116e21848e797f278f07e870bbd,0.0,0.0,1283940.1347717547
2cc0b47139e541edb16323fb3c487daa,0.0,0.0,68313021.3009262
2bdb9b4a786e464ab68f16c7bcda9bc0,0.0,0.0,2571167.8038427136
2baefa1011ef433784a10490f1c8d61f,0.0,0.0,351952.1446377004
2166d020ae90484082bde7d2088f616e,0.0,0.0,3579034.2521734894
20df836cd9df4f798f4fb7c0b94cb73a,0.0,0.0,10210403.637175815
1fc7bacf7bf5406f8fd39668d9ca82d0,0.0,0.0,20104452.549388047
1ed5053610374dd8a6061db80386af94,0.0,0.0,37113508.54973731
1e48a07703d84c5fa4d4ca3b3a0f3fe5,0.0,0.0,1048767.4800586256
18ea297eb4af4f3c8490694b5d61c09e,0.0,0.0,11340398.994761286
183af680cd7248e196fe281940bc1f8e,0.0,0.0,21748666.866467908
060bb177cec04cd4a4d260f2ce98a366,0.0,0.0,3073602.1831140583
05d37f24fcdd480688c7795ee7302fc0,0.0,0.0,41486551.92071223
03018ba8fffe47b1a2b7828981d1b77e,0.0,0.0,1384388.8144782921
02b0a7c31f1743d48f72f33384974a62,0.0,0.0,11529084.456019944
02198386e8f64571980f87c2869253fb,0.0,0.0,10667931.613895303
02329bd1f8254f6bbb6621a65a6662af,0.0,0.0,156294355.85553384
018b37a39cd34222b1f80cd6eb4a6188,0.0,0.0,18153278.9041094
1362c1413461471cbddeb7b6cef41ccc,0.0,0.0,2415111893.139979
1252e69b74744d42bf2020056ba82f1f,0.0,0.0,816699978.961624
120719abc6df4987ab489fa06c7d397a,0.0,0.0,265276003.2795553
1004813a98534d168dc3eea705138e32,0.0,0.0,32214657.25238738
0e900d75f9d14f15a01468e952c08f72,0.0,0.0,312631.5450579926
0c65d9b40b884112a2e45939c7f6203f,0.0,0.0,12295744.663914397
0acac1075fc042c8b7b6a3951a16631f,0.0,0.0,15170115.239349172
0728a0c983b74698b7309eecfd703836,0.0,0.0,10836455.758707637
6360ddfbd47f4cad90bdfcf9c1fb3dc9,0.0,0.0,10526741.229354782
62d54090b55f49cf806fd27f4621bba3,0.0,0.0,24588077.411546424
61d26eb4f5484939a409dd5962dcc5da,0.0,0.0,23340044.520468652
5e8d9b542ffa472785adb5b4fb5c7eba,0.0,0.0,13947050.1663663
5968550e00594d458942c01e752e9b89,0.0,0.0,10027861.130192075
57954f2faab746a2bace5471846fdbee,0.0,0.0,80366237.28058639
488b530db9664181a7d3645b6ae366bf,0.0,0.0,17902320.396804884
482c526c88e04098a3d0763db9eac466,0.0,0.0,17663996.111931317
53f5b75514104063b9b7bc9ae925e0c2,0.0,0.0,4502992.403978664
53ea21da5b99484ab7569166d53f74a0,0.0,0.0,1203855.9629630388
4f1c9e19a2b048e882e799ead6fe5318,0.0,0.0,4922126.77619242
4e8f760a6558477d9a82b7921b7d6797,0.0,0.0,4569113.683310035
4e25c88f25b24ec48a525a7f225331d1,0.0,0.0,3914475.9029276073
4e2b98a6364440709115f63a299e14f2,0.0,0.0,30516369.960193142
4b99599ae3214b55bf69644ebbdeaa4c,0.0,0.0,2626795466.1123433
4b6395cb7ad54df681fb758678447be5,0.0,0.0,23371395.791092794
4b1ed1f1dcf344419225a0bff19547e9,0.0,0.0,164102.41787140485
4afc356d84454ca395bf26abeeec0fae,0.0,0.0,80744.48065374215
702bdbb338e24d4db969bfd070f0a725,0.0,0.0,115886.94092124331
6f0e85d18bd54913ae735d252fb1bb5a,0.0,0.0,74909267.6061939
6eabcb39e8d14ec9b9d8a66d0bc3ccd0,0.0,0.0,4816746689.594856
6d978ad3f8e04fe4b5e1e0e30a560041,0.0,0.0,96225668.39217493
6d1e35756fae4cf0a3a166803b63ad2e,0.0,0.0,1173573181.0818622
6d1f56b5c75f4a4aa174b5d040f46b9c,0.0,0.0,1607222.855743131
6aefb2062f324dd58a09455440eab52d,0.0,0.0,550729.3312592681
6a0d2950118344f5ae77187095beea18,0.0,0.0,306874.28249992884
6a4bb75fbbb642bcab542a093007a5bc,0.0,0.0,8311782.534815971
67b4daed9ebe446688177f84851ccd8f,0.0,0.0,43361809.52651252
676e123481b647ec8cedd3cd53228b47,0.0,0.0,109387672.16188657
661ad61cefe74deba2f0d20dfb3dcb9a,0.0,0.0,122593507.27203205
657b4c8cc5a643518960bb265bd94b4d,0.0,0.0,317389.45648311626
6521e66f48714d4194619a2671e0f57d,0.0,0.0,619643040.5185688
09ef6cdb947242deb7e3a3173343e2cf,0.0,0.0,175434467.14835128
71829671b723474ab456e8efc58dc4f0,0.0,0.0,72136564.11808789
d98d4eabf3b140868b1684c4d7905299,0.0,0.0,195780190.346869
c2d2fb65c11445f0b8f12ef5f38f379a,0.0,0.0,48665227.4784106
97ffd627d4114f17b51a9014e7d92044,0.0,0.0,54193274.52584794
ae9f227247ed4218920169a663403457,0.0,0.0,258016799.81841934
14dd0ad65d9343648db3d0329982d484,0.0,0.0,1368586.6928451643
4a1f47966f444decaa0fac320fd0fe9f,0.0,0.0,48132446.73634501
dc7470e2b27c46af9c70b8dbb5aec087,0.0,0.0,3119974.8969340962
a2a6214e9222440691eea1cb579ad370,0.0,0.0,72136564.11808789
d3b9b24a2a234d99a37af1a0c57e5c07,0.0,0.0,195780190.346869
45b923b5701943fbbc83f4cb33602e6a,0.0,0.0,48665227.4784106
dfbaf9d845c74685b9e189bfaa0a7fd7,0.0,0.0,782477389.1840541
e4f13e517d73486b81e3c2be941517d8,0.0,0.0,6774082.199070146
b3d086c2b802473b86f7b6b8a66b83d4,0.0,0.0,10220635.68841105
c2c1e793bcd34168b3d252f94a5de073,0.0,0.0,48132446.73634501
c1b9c5141b784ccf989e8eb3956e2ac3,0.0,0.0,10390847.06964209
88b74b4ee7be4dbf91bd3900cbe8f7ec,0.0,0.0,258016799.81841934
10a9639f34004089a1e1cf1bd9dd922d,0.0,0.0,1368586.6928451643
251a9360c0274eb984af735d81a431bc,0.0,0.0,20846037.67400401
3866cb118c894242b748c6c4404b6a51,0.0,0.0,9828951.580006665
38da98a5d19543329e19008219cb272b,0.0,0.0,179224548.47534633
3e41e55e22274126838c57dae27bc23f,0.0,0.0,38233368.359792754
6ad2647b25f645b9915b1ae3a5eb6bcf,0.0,0.0,24083770.107426394
35041f175f0649af9c5c5bbb93039809,0.0,0.0,30505233.668605965
2328c10f443143fabcb271242d898679,0.0,0.0,4401379170.986738
1efdd663265d42ef8e117a94340e182e,0.0,0.0,1432977.7549998662
946649265d9d48a8b9f353655e595d6a,0.0,0.0,154577619.21445072
9264a0c6ec0241a39ad1e12dcdab3292,0.0,0.0,22642996.09643496
87a92454c81f4891b1e81f9f78a494ab,0.0,0.0,18557586.303343512
8a4f3d2a1d6445b390999f53c763ed69,0.0,0.0,28200767.945281267
8c83e49568a7418c8755c28d7d1b296a,0.0,0.0,763634299.1699115
74f42dab85804404ae20bf612ddbf499,0.0,0.0,8042871.553487599
73aaab812661453f8eac71f8a6658e72,0.0,0.0,26203494.16569653
7c3126e7e80a4c628f82b227daf1570a,0.0,0.0,850976335.4403656
7d2b557531d14f8ca971da14e4aae347,0.0,0.0,12223129.564803986
7b5c8f911e644e3ea779ec7db0822fac,0.0,0.0,14432356.506975416
7f35dbd34ca74c28b40d1ed5ef17700e,0.0,0.0,4192895230.2790966
7fea85dff062409ab99eae07fbf5cbfe,0.0,0.0,39021748.95868373
8341b561af4f4bfa986aaf12352fc268,0.0,0.0,339040741.51974237
c58403bd3d1247efbb125a03a42de25b,0.0,0.0,16070242.952276936
c84a37f11be94355af4209284ba1c5c1,0.0,0.0,48882569.933175914
cbf25945f6704bd1919967f3884f2746,0.0,0.0,842643643.4575882
cd56e483a8db46d68597f72d449dcd8f,0.0,0.0,195780190.346869
cea37735526542e193359fd1a9b94631,0.0,0.0,13418623.905641846
cf7fdb09c8a7415f953798bcca6088fc,0.0,0.0,34644770.287598826
b5f94d3167724fafa49847bee2667b50,0.0,0.0,19718481.602512587
b9fa5350e6e1465b9725367990d69c0d,0.0,0.0,7309437.054639665
b0650626ab8c46efa5a5159e18e0dec9,0.0,0.0,40310865.85437706
ae4aa8dc5c6d443abd9d471bbb8b9f57,0.0,0.0,1554504278.6317782
ad95e7e2997543bbb5c246070c7cac8e,0.0,0.0,57323869.705037415
95a222cae91a47dc84fd2e02b79d568e,0.0,0.0,7482148.664920143
94f90d02cdf4484ca734f30da38730b5,0.0,0.0,15290163.028744418
9470df04e177406ea1478b7252b206c1,0.0,0.0,5496258.435591143
9636a4672a8d4c57bbb2b2438aadd785,0.0,0.0,565896434.1312202
a91357a75d4441c2ac5944ade93a1789,0.0,0.0,3481682127.214136
a89b3367cca14fce827f5b596f7af2a0,0.0,0.0,18253932.248050105
a263bcc3631d425ea3ba2cdde23ce567,0.0,0.0,43707740.52010188
a249b4235a3a46b7ba0aa47797645e74,0.0,0.0,14856814.073779516
e48e81d1462349a8960a92076d1c9ed2,0.0,0.0,269937119.02611536
e543ab9102584225a04ff22ac32a114c,0.0,0.0,295361419.4432813
e88a0f01f53b4beebd8a061ff0592972,0.0,0.0,4350435.3275300395
eaf97eb644324adb944aa2b18916b184,0.0,0.0,29363334.543919444
d89abc90a05742e9a5cfe2974c15f06b,0.0,0.0,16903676.903086603
db58c94e6507465b9813834098b8eff4,0.0,0.0,19975787.149589453
daf1201b5e814ac3a68cade22024f661,0.0,0.0,666979375.4200249
f33647cebc83483fb844d1cbe81b4b1d,0.0,0.0,552600439.0297574
f688f57473b04472baef6d70a1de58e4,0.0,0.0,21836237.23621741
f6fef46fcb4e4d689079fd4770b9a787,0.0,0.0,66497619.85892734
f594068a3f364d62ba1fcfa5d656ad66,0.0,0.0,58695163.972825065
fe52001eebce42a898ca478d4a411c52,0.0,0.0,34095305.94929177
f76205905f004f389dce1aefc60d2f2a,0.0,0.0,73598495.93277879
faf9916bfbf040709fecdc2082f91c7b,0.0,0.0,12421169.574538428
1787b3a9fc0441d98769c6b01aabe3e6,0.0,0.0,28802024.94416324
1684711605a2464ba23b5fd760f9cb37,0.0,0.0,19088738.71324176
0003ce5ad0d949a1aab90472f41b2459,0.0,0.0,2922744.213961999
05d122270d7a4bcabdd7778298c309fb,0.0,0.0,88840704.32097748
05d99b96d6a248a88f4b4d970db2bbb6,0.0,0.0,9444571.59592448
06129212374b4dd49689235db1410d73,0.0,0.0,4160990.542485697
03e62d50902e4b4ca0dbc95524ab7e88,0.0,0.0,11954199.412305871
10e0b360778b4f76b620d07f9da27910,0.0,0.0,10143679.405382996
4319f7f085f14c61b44e3c14aa2ccb9e,0.0,0.0,418000457.0894727
46007f1965564359915374fc878a9bcd,0.0,0.0,9779266.923993072
56db5468fcb6415bba3124fa7c2905c9,0.0,0.0,25636596.50100382
496b565fccca48faa645fe6cf9bcff1d,0.0,0.0,14919174.507309858
4b2c999666134a53a592cf66c355060c,0.0,0.0,12160515.826269215
4dec463ebf284fecb9e14191498d61c3,0.0,0.0,8503352.551674189
4fcc207d65444f6c850d6580271e8861,0.0,0.0,70226327.46967356
51c830ad41674128a37a3764e37484ef,0.0,0.0,1619812772.0552387
40cf561945284593a8005b8d93596ff0,0.0,0.0,76562366.97764178
3fa8dab1b62f49c4a83f68a56b089141,0.0,0.0,11950964.72660893
2500b7c6a0b741168c122d12ae3b1c86,0.0,0.0,11522466.381984584
265278e11ac74032bbbd37b252c8a70e,0.0,0.0,19701272.83010563
27cfb25728054068b571f4341f73f622,0.0,0.0,141473729.31427225
34b8bcd8f28c4a0d9fa809bef6230761,0.0,0.0,25014417.855323296
2bec7736bd1845ea8d8576569195b298,0.0,0.0,731067480.7137886
2e9deb3192e548cb8683640c662289ab,0.0,0.0,324977412.73982924
bb60ca6c6e684098a04a69780dc05d02,0.0,0.0,26039202.327741142
b74f742c560440a2b334a21ea714bf7b,0.0,0.0,138250395.93454608
7e588914663043c8a31bdef12ed0b661,0.0,0.0,37494981.112726636
93ed1d2e1b8c4b8c8b4816660335b785,0.0,0.0,44758135.52757035
f3cec015e80445269c43daa1caea5169,0.0,0.0,27868479.404344633
db494e24e1e745a8a70e09a075696227,0.0,0.0,8753604.131745966
e1a1fda97c924adda010d80ee949ba77,0.0,0.0,5338413.027706965
b0b03e53ecb24b819d96274bf836af73,0.0,0.0,79785957.05655824
f8c854837cff48e69f85adfdf673750c,0.0,0.0,47521316.28239891
21dc67c8d4b44d0ba7b70477b91428be,0.0,0.0,28694209.731415182
0ad54497925e443dad6a45c1ac115f1f,0.0,0.0,195780190.346869
207d34441cde4cb0b27ed69f4b53ea74,0.0,0.0,72136564.11808789
6bfac62c3b854a17baa6b12316d5f089,0.0,0.0,76455000.59824365
27237bab963240b6a978ffb3fb2ed738,0.0,0.0,30562.707871319155
690f5fb0ee3945129f248bc62abe4116,0.0,0.0,83864616.46955968
d59df6c315af48f8bd76124b3e76c8a5,0.0,0.0,404760.7890016205
e724e97a2cf44010a8da7a78bd128ef5,0.0,0.0,12232818.18602348
d22e830de47c43aaad3092454b40dbd3,0.0,0.0,66969187.18815103
0ca2027375904e8d85bc9dcd01aa2bce,0.0,0.0,190825.21691104877
73a7a363c9094ebe82cc82da9bc5b96d,0.0,0.0,1989768.0780695395
13d5072acc86428997859d2e7af255b5,0.0,0.0,66969187.18815103
1b2ca6cb9a2b4ef6a372532335ad31a8,0.0,0.0,190825.21691104877
00c82df4505b4d70a856d30543f0688d,0.0,0.0,25831554.358431887
656f36ce587d45f0a2f787fdba288608,0.0,0.0,1378119.8669472556
e5da496fbfb546039376e9d43c6ca1c4,0.0,0.0,67165123.23189458
87ea6483f5ad426398cf90879218de6e,0.0,0.0,418000457.0894727
c0ee8a6f8fc1499fb7f49da3d4b44e7f,0.0,0.0,3481682127.214136
283123d874cc46e99393367607253380,0.0,0.0,11950964.72660893
1422c1c0986549d7a3c7d10a09208098,0.0,0.0,17902320.396804884
43553235080041299c3e48978885c635,0.0,0.0,29849549.625321515
6532dc29aaa645239f52ad164489e0aa,0.0,0.0,1760002208.1502464
bd7267cb286448798c31cfab0f6a0f95,0.0,0.0,11800292.32853213
d2205ca5dd1c42f2b6ca67ab9bf1e9e8,0.0,0.0,105652324.06632857
ea9ced87c90940ebb884fc61f418e149,0.0,0.0,3538764997.124954
aa49e578a28a4d7e879d570342a25a55,0.0,0.0,2552300123.147237
95d50784d3e646019fa9de3376172095,0.0,0.0,816699978.961624
a7bca434c9844e099b85546e6504ece2,0.0,0.0,149181633.5352738
569344b11f9944a1b96dc24dfaa98b08,0.0,0.0,13622831.080655957
2ac9ec61c8d0498089fa5996ab595e6b,0.0,0.0,29849549.625321515
8e564b1644f04484a8f38bda3c4933cb,0.0,0.0,17902320.396804884
7f0a795e906e4037a3becfcb36bba557,0.0,0.0,816699978.961624
f88f75a4e49f4a519a43ea1eedc162a6,0.0,0.0,11800292.32853213
8c9a3dc419614cab9cf13efa51a4b2e8,0.0,0.0,509423.5931055951
74705511f3644fd59ccf33ce52cd82a8,0.0,0.0,51941.27691119816
783c56065f5240c6810eda1caa4cca6c,0.0,0.0,656926.3842459142
9b95bdf1c0634097a334b61ab272de3b,0.0,0.0,16242430.994980175
960d8576b5564103aa7f3c91f561a575,0.0,0.0,861374.8590528199
aa1829221e5f4ca49ebb52d17ef7ac72,0.0,0.0,1377404.4214762552
3277d34dc380423bafcf8b2b82f45891,0.0,0.0,33501528.22941163
4da49798018a4e88a0fee17b933c1f5d,0.0,0.0,1406800.688387678
58d015243e21434fba0ac748828ea8aa,0.0,0.0,17263821.14937624
5d15e84e4edd4a9389e85a6883d292f6,0.0,0.0,1529142.250139817
5b71cbab15d74c108fb68d786bb6a2a7,0.0,0.0,294930.92252242647
080448acdc9d4c549733bdf3bbe6866f,0.0,0.0,695819.4458263731
1616737983c24ad1a60791eb31411e32,0.0,0.0,647050.9564314361
166667f1777b4b488c2d5f198c1ad40d,0.0,0.0,9260062.609311247
56db0c30236140d3b8d1e2761d04c541,0.0,0.0,161885.5798117233
466908195ce641389bea5695b8ef33ea,0.0,0.0,12638059.229855364
47e1559aa1594239bf8cba9c72c52986,0.0,0.0,896070824.7551619
2b97af23abdd413b8eea42a7cf87820a,0.0,0.0,13531358.221122278
2f6eaa3058b04d19b422d4ba587e5c3b,0.0,0.0,176735.60181766417
256993f01d9f49c5ba5a0b0651b9154d,0.0,0.0,12702251.893691294
232316bcd73c4563bb864e90aff416e1,0.0,0.0,476339.5088871964
4016001a03c8451d993c8e9cb4000e10,0.0,0.0,2289586.0850101956
37fec27635aa4ae5b47b19089d3bd79b,0.0,0.0,621935.1081023699
6b95937b652048fb84d43287b1493004,0.0,0.0,779082.7294694257
6af34d5c070c4fffb7e9317a3f4804cd,0.0,0.0,203400295.26536822
aa4117ffb91c44fd993d461ecb7c0a2d,0.0,0.0,422652.2537720036
ab426c80baf24fc3b45264d2aad6ee1f,0.0,0.0,2142430.5639360673
9530cfe417d648b79c71140c2e302331,0.0,0.0,975908.1602093515
9b10f3cd99d246e99947eb37fff024d3,0.0,0.0,692033.3535685227
9d446a060a374b10bb75d3c6ef2fc41a,0.0,0.0,1310550305.5975635
a03ed961e68a40149f9e549ea070599f,0.0,0.0,36360884.70246367
a6e71dab68f34cf999ad943998ab0a86,0.0,0.0,24215859.18298388
e8c561fecc3444189e3aecc58732e8ee,0.0,0.0,53651977.11469871
df6cf64b0fcd43828928f194bbc68b32,0.0,0.0,457009.36939019954
e30dadc9232f46c3b439ffa7394d2314,0.0,0.0,897993.3202105679
d9deb2c8676543a0b6a09448619afb39,0.0,0.0,13231239.778492011
dd4a3f06070e44d0a8a24dd14aebcc37,0.0,0.0,323991281.5075973
732498ac5a9d41ceadc11dcc0654a97b,0.0,0.0,56035848.296106584
8d302ce77f894d5da83bb562b8aeefed,0.0,0.0,4200282.834368445
92ace7f0ea6549e0ac16cf2f3fdf330d,0.0,0.0,23874577.939672
932dbdcbca9d4c1e9098804e4b4f585c,0.0,0.0,11055476.517374767
913e9f00af9748d592e69ff958b92ddb,0.0,0.0,8308248.59442439
7d46da68eeb14e4fa5647fed644f0f25,0.0,0.0,394304650.98382163
d3d5358e650f445f800eb3a9823a4b1c,0.0,0.0,1080038.042458561
c5703fb36ca8436298532e5385eb3c48,0.0,0.0,6762939.965242277
c43780eb9f464cb6be99bd63f73d4228,0.0,0.0,1313729.6788038688
5a86315bf68d44099cd72d814fdcb4f7,0.0,0.0,25299435.2996089
57678ec3806c4f8292b6de24be1f3bc3,0.0,0.0,2142430.5639360673
3cda9795aecf4c5db9d5e6145199f90a,0.0,0.0,897993.3202105679
2aeb7f79bcc9411594f632c794aecdba,0.0,0.0,422652.2537720036
330695575478454e95dddc7260f434be,0.0,0.0,975908.1602093515
7f177f5cead542b8a39c9e451cf87f09,0.0,0.0,1529142.250139817
9af09135f1ba4127b1de5c437f1ef62c,0.0,0.0,9260062.609311247
843535eb3dac4947b91221338afa601c,0.0,0.0,7507637.350257403
ecd45596e49c47ca9bb474725dda92e2,0.0,0.0,179820773.10997912
f2902c5c95df4412abed121d8d2c0b8b,0.0,0.0,2880905.710463698
ebcc4063485348b1b676894242bbc0df,0.0,0.0,388953128.2486838
5003405a53fe4ff6bbe0d729def56c9b,0.0,0.0,3907164.954376451
0d4a657a9e3544539c46fc0ad87766c5,0.0,0.0,1216236.2273127788
cd1e186f278e44f6b3f0b3ed5a043ab8,0.0,0.0,19471593.344874673
b737e7d7116f41828f859fffdacb8eec,0.0,0.0,443154.2489119841
308056fa087b417ab0c324cb81fdf6bd,0.0,0.0,3121641.9497720376
199275a355ef477484b4cce860d03858,0.0,0.0,66437842.69022361
6f07cbf7114e44179bd2d35c5f098dcd,0.0,0.0,122593507.27203205
6f275b10bc42488d842a494126035d15,0.0,0.0,18310364.055179097
af47330a02b04797873163e40fe4d4bc,0.0,0.0,4092815431.7496037
a163c98ffbe444cb8796c82df4333c3a,0.0,0.0,23371395.791092794
5c6c1728ac0b4eb3b50039b8f2bf7d7e,0.0,0.0,3121641.9497720376
4d6f72bd40da4f04b38a1d18076f1c85,0.0,0.0,5915695.993049216
4a52941023ed464a9fa50f1e4713f7c1,0.0,0.0,743290205.2015306
5362bbe2e3a44b67be4a76ee2102af40,0.0,0.0,934150859.8657732
534ef78aee76426993e7dc987c2062c8,0.0,0.0,101892162.74106576
0a94fc76615b48fdb74c93dc1293b4fa,0.0,0.0,2276228.2020937093
10f824d61d3b46dda88c5b2abd7f90e3,0.0,0.0,537369623.1659821
2598ca1f13df409baadf5939a2a75072,0.0,0.0,1711790436.5481732
2495871fbaba463cb460c26e845fd473,0.0,0.0,838274435.218719
94e39ab33b4e45c7b3ff45a791ae14ca,0.0,0.0,808573881.2795085
96a113506aa44be1a4bd5704b0e6d8a3,0.0,0.0,249568428.8929205
d21616617c8140cbb351e17c21369fee,0.0,0.0,1176564805.322934
7faa1514b2664ea58a6bc5cb943c4924,0.0,0.0,917020381.8532763
91b4d30b56054f4593744d5a4937e1dd,0.0,0.0,992078836.941112
881c114368fa4437b7926368dc96f455,0.0,0.0,3931515.1449008924
75e16b381fa74ae8af79aabe35325078,0.0,0.0,699085873.4268823
77d1a549c1214bfdb9cde316cb45a95d,0.0,0.0,144450370.26267833
ffeb8dc297b641e8ab883640936dacbb,0.0,0.0,646453030.3960469
b46a39cd29f04ac5bf4af2274686e2ac,0.0,0.0,17568.210807660464
e4f616b6446b4749866194f8c097ee55,0.0,0.0,49048765.80503524
21d3d93848e048a7ad927a4b83e6e322,0.0,0.0,1228303.149365442
4cd46819ed1b45d8ad109c46263b93c7,0.0,0.0,517104862.63915825
5d6668c227e64149bece0f518783a1a8,0.0,0.0,61604221.02885636
e4abc9b6c55c42378cd5fdcfaff9ae06,0.0,0.0,769628.0425754408
ebcb8206b1814a3e9304456d047cc823,0.0,0.0,371622.63770699047
8cc51ddbde214e1eba871f1c0aa754eb,0.0,0.0,492626.37163351575
92a617ca614f43b89babedcbb33de27d,0.0,0.0,985430.9534839669
9350d68e612e4c89a0b00a01f5e16aef,0.0,0.0,6167415.420963098
75d18ebe9ff24a909ad98a72b312a5a6,0.0,0.0,4038506108.560855
d38de1d459de482298bcf001af4fdeec,0.0,0.0,3976829.5380161684
dccf2dea2a3e408f8d905b829777bfd5,0.0,0.0,224668.83723533366
0b688595dde1488f8c04e40b3e5bb663,0.0,0.0,279443.1094319649
26508a4dca1c40e5bd9a31c3d165d797,0.0,0.0,43965550.838450655
2c85b927360c4c0ba233147aab4d5c8d,0.0,0.0,3427316.1705106
68018ed50d9b4f1596f9054c4ab3fed9,0.0,0.0,2921178580.592842
0c14fbfe9ab447458817dd5b88fecbcc,0.0,0.0,15625757.064286478
e0d0e78c79184829a79e435d8a12304d,0.0,0.0,502997351.8713658
c60d9fb713cc40458c4f950a092ab1b7,0.0,0.0,152658642.90163535
036a69a608304f40bc7cc43b56632588,0.0,0.0,1327655010.0426722
5d3b48854a2f4fe9903edf29a405d6e6,0.0,0.0,86939250.03251112
a12e251b1e964fd6b89e3812fec5fd34,0.0,0.0,451840703.71542615
b564aa106780462c9d7676d507490a99,0.0,0.0,3826425.7288790587
ea8cfd479b1d4043a157a93ba9f24c04,0.0,0.0,735242.9840813257
d91b4bc17655404fae67fa2dfa5bfa53,0.0,0.0,1584020.0861930007
d4253b6876b545be991d3ddc21083ad3,0.0,0.0,5319243.602752177
ce6270899da640aaaf1242a5d4448d3c,0.0,0.0,261544.7115487588
90ecd19ef2274207be1c3b9b5cbf716a,0.0,0.0,6874760.344821639
5bdd71061ad146a0a2c11eb714ebf3d0,0.0,0.0,1293909.725489556
4f35b8026dc84eb0bb09d7567ef40a70,0.0,0.0,407571.6379225507
4adbe2e6c3fb4be4a3efbb23662e35be,0.0,0.0,654349.0255362394
210d054c3a6b4027af59b12828afb73d,0.0,0.0,368574.44929272844
1bd84fbfa37e4db8b6e8ce86e5c95dad,0.0,0.0,935970.2176262655
082b6c598133491fbbc80541e6451608,0.0,0.0,36779.4469276504
369a955ddd234a26bbf37890819eb7f1,0.0,0.0,9059464.072992872
7146df5c62364de7ac19843f5b0711bd,0.0,0.0,804142.8421025514
65ded07437d74eea9599e14ae94dd51b,0.0,0.0,853680.0436286482
dcc2f0fa41aa415cb87b5cd9f0385bdb,0.0,0.0,1271969.4445208327
da1f10c30cd340beb5af30da49dedd48,0.0,0.0,654349.0255362394
e1f8bf39328a4166b952037c67cc87ae,0.0,0.0,804142.8421025514
b2fba474eeb94b92babc2f64958c510f,0.0,0.0,5319243.602752177
b22a82b777984c159c383583bbf2b0bf,0.0,0.0,368574.44929272844
a17f54f2758e4e9eb7271917f38d6620,0.0,0.0,36779.4469276504
942369f3867049d08e7164407d4dbbe6,0.0,0.0,1293909.725489556
d49e28ab13724d8c9f4d9c0869da890e,0.0,0.0,407571.6379225507
bb18d456959e4b94aa83be4698bd84ef,0.0,0.0,1584020.0861930007
ff06465547374769bf2bdb5a898d5f7e,0.0,0.0,6874760.344821639
71e079156db243a989e359ef7d00f7db,0.0,0.0,3826425.7288790587
3583386b9b494d77b3e0d1faf621d13d,0.0,0.0,735242.9840813257
246b2faffe51449b97cf83a3a9902274,0.0,0.0,261544.7115487588
0cd5fb6e24ad403a91d5c4c3b4dcb649,0.0,0.0,935970.2176262655
460eee826fe542a88dbf55bc94b2fb9b,0.0,0.0,9059464.072992872
3d594aa284ba401397dcbe2f556355f8,0.0,0.0,5239077.851168988
8f3fc2ee7b0b4a8291492087bf60c0a8,0.0,0.0,5239077.851168988
c1fba91864da48c5beede2e0cf436660,0.0,0.0,3407895231.3473716
a5ffe6a689d24d6ab103d25cfdc76188,0.0,0.0,12295744.663914397
adb2073092524ecfb9fd78e413c38640,0.0,0.0,105184.9111590413
ed82f5f93d044a7eb080a8a70fd6543c,0.0,0.0,731339.0656498643
d76c7425657f4ee58b1990abc02780cb,0.0,0.0,36779.4469276504
fb9134fe1c3d4b68aea87c9562785c57,0.0,0.0,1184166.1506061906
5b5ad45dfed64e48bbff151dbc522e0c,0.0,0.0,831979290.074703
508854d00da44f0192381fa6dd11d3c3,0.0,0.0,245093852.71970823
0d56f6d89346488ca1a1f4322a082c33,0.0,0.0,13395935.911500031
187602f2819c4817bcc0a21ac83af89f,0.0,0.0,353548969.3000235
031e32a2294e4a439a75c77494587a9c,0.0,0.0,68606733.21739747
689e90851c60434599888e9a322792ba,0.0,0.0,264473.2259922816
1286cf0987d8456bb1fe5aa49a4ac69d,0.0,0.0,19464409.294579443
a10efc56dfae4d308675cb4b7a4abb3d,0.0,0.0,811171.0136291212
bc6b7bf5d4ae48e595afeb3cb0adfc57,0.0,0.0,3150058333.512106
b98bd897fe96459199c115f992689e92,0.0,0.0,81459.68423873013
cdf8beb92c0949db9c215ccc9a4c9509,0.0,0.0,36867235.47177061
7bb8db33025844afbe3c5522c47068d9,0.0,0.0,1924223782.1557481
872495e83fd74f83bee0c867a0c41fbd,0.0,0.0,24830407.960290674
866c199a973f4050acc70b92ef616b5a,0.0,0.0,288181.6804415063
85c1dd12a27b4861bffcd4953d68d484,0.0,0.0,168578.540291846
84c5a9009a774e9b8e7c3fcd949a7533,0.0,0.0,848927969.3880434
7af85862eab24a0293303354ad64ee32,0.0,0.0,2765886.231459382
7aa97b70ec32427987b64081309452ae,0.0,0.0,1244430.8916358333
7a917076b75a4c0995afdc40e64752cc,0.0,0.0,887537.9691698104
79c1f8b696974462b593e96a2f351577,0.0,0.0,138237.5717031016
8f8570cddc2c40ea80766920736e0660,0.0,0.0,35916934.823964894
91c068105c1340009dacf384e81ae952,0.0,0.0,440578.40677212644
911f3fbbda8c48f8ba00ab82edce2cd7,0.0,0.0,1280332.9935518142
91036551f94d4c52a77ef3836a26a8b0,0.0,0.0,222065.44147335607
8ca8181b13cb4a9dac5a967b14a2c839,0.0,0.0,1819205.5871553568
8bc99ad69427488384191c68a09ed58d,0.0,0.0,1909747.259301188
875fa55404804c918318a9926a4c0fc5,0.0,0.0,933615.1726133965
8771758d11654c8fad0776ff4e246f70,0.0,0.0,2603228.3679359145
88f5e3a3644b4148a3dc0bef43e3a774,0.0,0.0,37088239.96243402
898f9062e8d847a5bdcc29c9eab3c573,0.0,0.0,624660.7389002907
89bc9f59fe954db68939e6b70da689a1,0.0,0.0,59989421.70852013
758e59fcb8ac4fb1b5a4b9135b0f39b1,0.0,0.0,1193868.3952465772
760a2c4815e84f12a48902b961930c72,0.0,0.0,89016346.14629178
730122b365ec47d09b2b726cb07404d3,0.0,0.0,916842.078057731
d46a611020e24b56b94099a1deea483f,0.0,0.0,22395420.550587237
d46d8ce7f192470382dce321d2ee37ac,0.0,0.0,3463184466.717739
d3152477b18f456ba5885ee227e71591,0.0,0.0,1012473.214540714
d22d79f20fe64aefb62dcab43c86163d,0.0,0.0,69666392.72218615
b9800498b67d4e0d8dc50170b218d445,0.0,0.0,710358.6995324526
bc3a765e2bc04ef98c9f15877203491b,0.0,0.0,421777.57190884615
b759e7bf0ce443bcb9593fe2ae29e518,0.0,0.0,724909.4383859761
b90b733059474fc58b9189e9dade8e50,0.0,0.0,2937805.6662657103
b8a6a5dfd05942a886eb89b24b4c846f,0.0,0.0,7344823.370940799
c1fe2f2717b74443bb2b7f53e7bad4a1,0.0,0.0,8680758.812255401
c1a89195fe0f43949102fde82b399ee6,0.0,0.0,2603771683.039142
bd4f6ac29078493ab46959de96c8193a,0.0,0.0,13005438.027017506
c41856f2af5d4f4a816de151a03de30f,0.0,0.0,19844099.63826536
c70c0e78fe9e48fcadebfc134bbd8736,0.0,0.0,16998241.83153642
ca0857b5c6dd4d539020fcc8df84ee31,0.0,0.0,2824666.331657
a19b111dfbfb4609a3162dcb2baa0f74,0.0,0.0,7129800.787348723
a0b10c0d529e48a98a2a9a5e2318a2fa,0.0,0.0,6140211.150422308
9ed22e6a548d4747888a4e8356281522,0.0,0.0,109863725.71312782
a63c146e5f444c3aba19cc45c6701ce0,0.0,0.0,189448.4041700739
a6b7daacab2c4ad3a92dba78a067fd65,0.0,0.0,198173.59884501516
a6ed065ff63747ef9196c77e6753c308,0.0,0.0,1856436.9645986995
a34e61092d794ea39c1d5122ed384edf,0.0,0.0,13388739.338485377
a53ec0bfbe864ec799926ce4be6de169,0.0,0.0,662923.8862970925
aca6b004fefc4598a286dbadb4e620d7,0.0,0.0,31865580.939288788
acc2520b7d82442d82af50ff40327abc,0.0,0.0,1444365.2692527259
aa0c34af3b5946b297bf32efb42c6505,0.0,0.0,15170115.239349172
a96f2ef2ffe644baba498cb607d88bb3,0.0,0.0,21401521.957030132
b3390d71fff7451fbeef1c45cd5b96ab,0.0,0.0,135488082.79762745
979815b610804a1bb58f3c438eb0879c,0.0,0.0,2032390.7988591266
9a3fc8c4c7f047ebbd1fdf9b6dd794be,0.0,0.0,18766862.07483562
9814c088f82843a59d4998d2720d509f,0.0,0.0,26305696.34912708
987008cb95af4d779801babcb2294778,0.0,0.0,5534389.387034168
989e7e5f136d4ef18ea014880f34554f,0.0,0.0,3150058333.512106
99797be838a9455196a73064188ef08c,0.0,0.0,1565982.2869240532
99b4d2da0f134ed19b0d6b91cf6f9581,0.0,0.0,6491922.989326629
9906e2c9f0a4408ab13534b0c71996f3,0.0,0.0,28418810.79826883
d7f6d202e7e640c4b96e0c930eb968ff,0.0,0.0,1173573181.0818622
f65b67862a4a49c0b8cbedc4b4c803d8,0.0,0.0,2004075.552063424
f69025a5680f409787efe0ff8cbc9528,0.0,0.0,1058212.4579407207
ed62fe1426e943289b3378e5c9db5d0a,0.0,0.0,2952780.9490862493
ecd816b9d45648bc90c29655d7285729,0.0,0.0,260450.97853818338
edae62110ac8479f98606be73fdd0f80,0.0,0.0,1025242.1465980161
f29f4b16cd604b4c86c05ce0249c9057,0.0,0.0,22660547.14464097
f3006ddace794a449cec7ea597a0e9eb,0.0,0.0,5948727.888889629
f2ec45381abb4f98b251cc816edeb44d,0.0,0.0,346956.11690340546
f1c6fc6b751a48a0b1b37de02adabaf8,0.0,0.0,1268651.3954890775
d9781ca423434276a9c0b162c56130a7,0.0,0.0,8267152.057151173
d97825db33004654b575aeddd8504b96,0.0,0.0,2571167.8038427136
dde7196d99224d6c877fed9844703286,0.0,0.0,16822517.301016074
decd75d486ca4e9ca008e1bdefb373ce,0.0,0.0,1116476.2149469855
e1a05b958368491fbffd2cafe74c145e,0.0,0.0,16340652.017623372
defd02e3147d46649da19451bf7c75d3,0.0,0.0,29241601.15299113
e459238b15514d188d7f38d50b7946e5,0.0,0.0,2989183.2197366916
e44e2ab2afdd49209c7ba1d4baadb90f,0.0,0.0,2572119.1840658095
e31405c319274fc4a399f687a5aa49c7,0.0,0.0,12805742.585231466
e2d6ab4edaa544f8a28824d2886555b2,0.0,0.0,1164730.1318876715
e39990185e724de3a7c9bf55b18a4e31,0.0,0.0,3424018.804549339
e9fe0130e55d47c1a6a9ca1b32e5d064,0.0,0.0,12409237.622686299
e71393128d854be88df0ed5ed43b4ec9,0.0,0.0,1196855.7937157995
ffecab2ffcbf420eb65fa59b5937a88f,0.0,0.0,3324919.1438591126
faf26bab19874fc6afe6864912496550,0.0,0.0,4253945.935855968
fc8e2039dfe24492af11cd3a28c37a7e,0.0,0.0,899041.5300697628
12832f2cb2c44db2a8a673c08e899f33,0.0,0.0,8521465.302977648
1135ee5e678b404aa38caa387c4b2ea3,0.0,0.0,49788606.64566773
148d0855be174f558ef97489379f7c20,0.0,0.0,819109.3583645696
13aa7fdccc1c453ca2e9de740b6af9ed,0.0,0.0,86689.3910082062
0cd03f54c19445bc94ba78aae0feddf1,0.0,0.0,19257567.59738861
0bc94cf744c642a59da67371acb94372,0.0,0.0,30553178.56015639
0802949cd01b4bf1aa3c7d132931182d,0.0,0.0,12670518.63443563
079ca2dac71d43c19a1f5663aa901ace,0.0,0.0,58424.85836049297
0950fdef8e2a4dfda224ea440f28b4b3,0.0,0.0,1033349.3966849409
094d09b26f2e42c792ba478f86ffdf25,0.0,0.0,3170381214.3378806
006f8be2a2e048439952897c118f7a9d,0.0,0.0,77604.73292887094
04d456ad75aa4428aab68ba803bd47c2,0.0,0.0,1188382.005496922
0604cfdacdc447968257d9f58fd5b53c,0.0,0.0,3218584.98326497
19618a573d2f471b8551f50475b5772c,0.0,0.0,2655256651.7069316
17c6c21e820a420491ffa9e9f95461c4,0.0,0.0,856739.8359676003
1d0821c0b1524dcaaa6b74c818fa1912,0.0,0.0,61617582.88818647
21c8af82173040e39509a4484acfe2e4,0.0,0.0,589325.6831631301
20cd0befaf2a489dad827862e5dc21a4,0.0,0.0,945081.827853749
1f5d9929012a4a01be51386a6ebc1628,0.0,0.0,4882369.470444997
503cf2ebffb4494d8ba49f69e9280dba,0.0,0.0,1484724.3317979197
5079a9063974454e91e1211a8c62ac14,0.0,0.0,8942540.075513221
565a32909e404c09b1e44d1360bd3962,0.0,0.0,10488097.487753585
4956b45a199b49fc8c8535a8b94e8164,0.0,0.0,312157.73737317545
4bc08518737a4d91a8a701612cb2e425,0.0,0.0,13181890.440282904
4c8d19bb3e084dadae65cbe33f1404ce,0.0,0.0,37837856.839983165
4c8a044a61114f80aebc38aadb962641,0.0,0.0,311815.187074561
5b287eccdd264eb4a73f756e3bd0ed06,0.0,0.0,16719626.509883331
574680efae5c4319867213d2dffead5a,0.0,0.0,9026155.286040068
573f871df5694778aa3a6f9ddc036b7c,0.0,0.0,2869554.252931817
5863d78536d04264b5a915f5ffa212ac,0.0,0.0,1184166.1506061906
5925a59fbb0640a3bf818ad9cb411ba8,0.0,0.0,17046174.684493624
593cec3eb28c431b8332be53e3bdf504,0.0,0.0,43729456.08594604
5e6b2bb6569741e18b82dba9a45479aa,0.0,0.0,336813.3098254893
5e5ef6cda05b428e844b2afcdc2bd6a7,0.0,0.0,9523446.220812956
62da046e32e4430f82fe072ab1de16e6,0.0,0.0,48168337.3366021
6346872aa247427d8f00e37b446dc0a1,0.0,0.0,1454703.832488497
469e224c1f20482da0a7483ece6efdb2,0.0,0.0,281039.93194746034
4731f978e83744f89f3186413a057435,0.0,0.0,37462446.8021103
49387728b7e24d5688755636e1e8410b,0.0,0.0,8847281.500780022
435093002c2f4a55a8db45ae9aa3b348,0.0,0.0,47112869.4137019
42e65642efd1459f9cae2875ba84e221,0.0,0.0,3008501.750708421
451ba3b4c750415baef4d6c7e96157f1,0.0,0.0,29969770.058345146
3c5bb807a4f643d0ab684b656e4317ad,0.0,0.0,58291714.14536079
3c1d0e11d3284f9eb2f803cc328313c2,0.0,0.0,904753.5564416
408c2a211b7a4e02a54907ac7754cfd2,0.0,0.0,20543858.390713573
4135c69c13f34e4fb31d159d560d122f,0.0,0.0,4908403.490859157
41c29464e29042289c83e524506eae61,0.0,0.0,312262.0753695589
4188847de1f941aea93431774350684d,0.0,0.0,463220.538949721
24d8a8468b614eb3b39ceb5423506587,0.0,0.0,1048767.4800586256
25421474dca74e819ce6ef93b67cc623,0.0,0.0,10839557.75921251
28553c635be2448f957f5923c7a8dd59,0.0,0.0,2871744.784650055
28bba131d836424a84486fea68eff60e,0.0,0.0,106068999.62379347
2a7b0a17f1764ac6bba34dae598d390d,0.0,0.0,19514567.63529215
2a69e0e40eb1481285856ad702cf2822,0.0,0.0,94771.96142918027
29f4cf47a28546d0a21142d82ebc835e,0.0,0.0,7781852.298662268
35928afcfaba47baa00fd4d74e81355d,0.0,0.0,1323559.7558451411
366dc1bbe0a94c86b93f5d5796ea4fa2,0.0,0.0,9613857.401983242
328f2e9f0ef04ddeb8cec180889a1197,0.0,0.0,67437.43885951242
321231260f154547a762d6e51afb9b19,0.0,0.0,69393822.35003369
31685f608ef24a6b87c6ce0aeff73188,0.0,0.0,148291375.5924598
30ebccb7709e40a5833796b0777d469e,0.0,0.0,60465727.13036875
2ba5bb3baf6a49d2bad9ad886938f8b2,0.0,0.0,351952.1446377004
30dca7b0c080414ba62107494beb07f0,0.0,0.0,7378676.997918448
2f8ef4f097b0463bab8fc2e5cb21227d,0.0,0.0,1730052.1568864407
2e7dffc276dd4215ab528068410e5abd,0.0,0.0,1427998.2932040116
718f485f82be45a7b162e64a76417f97,0.0,0.0,8546569.480598921
72ba0036e64a4a7fa399594d957d2118,0.0,0.0,18022146.75118414
70138a6c8fc24e09b16cb2b683f57877,0.0,0.0,839942.0175791587
70ab058bebd94f4d91e33f90ae17fea7,0.0,0.0,62448.62048107953
6c28c185419444ef8f2f299606e6a9a5,0.0,0.0,35591490.71733615
6a09aa8b5da2483ebb412b22cedfa222,0.0,0.0,312631.5450579926
65f6588cae024a0aa6f7d8fd26f69056,0.0,0.0,686926.3459426409
6e8beaf225444bb485b17b88d9b2a7cb,0.0,0.0,22906001.34711296
30b9abb04dc64fcd9e93235fd9637275,0.0,0.0,2373162758.0262814
24bc51151ba94f4f8bc60056388ac09a,0.0,0.0,1799382.5167796388
22a473602589421294db07847cb57aac,0.0,0.0,3896335.323722827
3ea0c32bbb324fe0ab743f9658a1e798,0.0,0.0,956915.8967264729
3b230cc178e742fbb809e6f496d784bb,0.0,0.0,2108739317.2990825
469c1df0362d4b5c9cce274859e22f3b,0.0,0.0,770462.7914052944
5568c9f0b2b34185bce5d87374804b1a,0.0,0.0,6118102.847188746
20cd3f2b066248e7bb075f4aa4f8f914,0.0,0.0,28357258.646921705
1c3d8295751d4040bb7cc94362ee1088,0.0,0.0,561736.2710711929
1e8fd904ba82458da64c99a12a4603bf,0.0,0.0,15660443.79635608
0da724ea63be40e2b8b5fcb82cdd2020,0.0,0.0,70941723.72181223
ff0e7af1887f4b99a28df6c2ad2b9c84,0.0,0.0,366315.10149828374
e74a88e235e04ba9a278f8d09d90c39b,0.0,0.0,2000480.7901621042
e05249c727de4cb1bf96682f63200da8,0.0,0.0,347808.65150591335
dcafdad0eb5246a6993eca060d0fee52,0.0,0.0,1640736.0739365118
a1609284b6c04711954bf904e5593f89,0.0,0.0,18981551.959038824
c517b21100514bae815c99bda54e3a2f,0.0,0.0,12028337.584392412
be81253bfd2845c0bef67c1c74648b8c,0.0,0.0,4563300.560277476
b61981b15e064309a3c24b1b546a8396,0.0,0.0,894277567.4614997
bb390e8ce7114cfe957ea9f787596d1f,0.0,0.0,3165684.9306726297
d210f39e7d454882ad6b2323a1e84934,0.0,0.0,2890090.6242916193
78c520795a4b492ea851d0223241f7c7,0.0,0.0,4009297.3343238793
8c698af719f14f6aa1b0ab6781aece33,0.0,0.0,913031.2582577484
906141bd7d52494aa75b3764aad0313f,0.0,0.0,2367104978.6805224
d18f01f9ae7d4e5698227ff372beada4,0.0,0.0,71694684.10337245
c077814212c941d6b16c4ac249d3a50a,0.0,0.0,528346930.9717674
c2cdd4ee027945b3ade16c7ded3290c1,0.0,0.0,20308341.270967603
ab00bee786e6437b847e6068770f3e3b,0.0,0.0,175722405.5634676
af60cd16301e4fabab65c93dbb58a8a4,0.0,0.0,2275417.5142523064
f074f00cd50c468f8a27639bcb99bb5d,0.0,0.0,21456914.467298266
ee93cc3136b64f038eb9fa43feb8784f,0.0,0.0,889384336.1361022
0bc36c5db66940dfaf63dddc1598e85d,0.0,0.0,1445482.5970092588
4ee33c5f95d6451396f0631918b197c1,0.0,0.0,99448615.23810975
4341189d0afc459b99c910a12cb3d057,0.0,0.0,966995775.0139234
3d7f417b1d034a58b52ac55eb9c05226,0.0,0.0,18691500.60832618
346dd670c1974d7cb454d7398dfb56b0,0.0,0.0,14197943.667826055
2e990d981faf4395aa4d97aa2b5ae697,0.0,0.0,58927648.90285411
3a084545b3bf4954b7bd8aaf4462cef4,0.0,0.0,3775997811.966576
281155b279cd4ae6b425f4cbe607d7eb,0.0,0.0,47396800.2517748
1390826395e84f989efbf0007b9cea08,0.0,0.0,50639618.68921353
6da4127500bf48b18c6fcfc147b7f6c5,0.0,0.0,4816746689.594856
63a39da4c6394415a74b2d7654d87418,0.0,0.0,33422847.54535401
dc65fbc86a5f42658d58c89e789a739c,0.0,0.0,58074366.46474273
de98269aceff47a18a5fff2b984f7e6d,0.0,0.0,37580260.51382149
e4337262c6b54d7a914bc22c7813ff20,0.0,0.0,7986550.332149582
b5a41a54cb2749dca81ef2046df61f06,0.0,0.0,33980149.71845375
a389851fe623444aa7791c22bfbf3029,0.0,0.0,292230047.7615881
863d44a9701d4bd8b671134244e2f6c0,0.0,0.0,15921651.205464106
05df8adf3ec74941828fac54e0c1c143,0.0,0.0,257256781.5857906
3d740e773ee748a7ad686df1664fbf7f,0.0,0.0,2659432.3124538395
3388223f049e4b3f8605a7d3ccceb4b2,0.0,0.0,7723495.9205071265
8a0505cc919d411199d22339d3f6c535,0.0,0.0,81797.42064505574
746c7ec0bc4847be95c237198cf424cf,0.0,0.0,33002387.935857512
d978f00bc2424ff1b3f2f905dfaa1139,0.0,0.0,10932353.895339986
f46defdd3a1241e1a570e4f9387c7095,0.0,0.0,89772592.40806043
81b0e51e468346278f1d15971277ec50,0.0,0.0,30483693.523322083
038d9ef196d24639be848286c8ed374d,0.0,0.0,103915357.41791919
a23ee0f986bf4a6f92fdb4e25f9fd30b,0.0,0.0,30483693.523322083
b129ddd21d1f4e18af701384169ee33b,0.0,0.0,103915357.41791919
83f5f8a07428473c9600fa6b7be7956e,0.0,0.0,7633355.5483785225
0816fe671923472089142666d5832a6e,0.0,0.0,22931147.23507585
0d35059792fd443a81bfc20877946c9b,0.0,0.0,3272299.479175871
0c9ba5af9d2843daa1680ed38b444bf4,0.0,0.0,509188.31176654575
11c5206b31db48ee9f7719a518174bf0,0.0,0.0,2629713.9233976523
127668ad0d5740798451c87d709a3e65,0.0,0.0,7046974.829181422
124fca0769eb4ec1add808720e1330fb,0.0,0.0,117996.50448792726
05aa4ab14a9b4e30a8df3f61098e6034,0.0,0.0,321253.54196321813
05b3d6ac3e5e4700991770044d79b7f2,0.0,0.0,6931937.571509142
0552bb43e8e5482abc8ee5f9c4264991,0.0,0.0,177450320.80861318
06a871e40f28492f8c213f4e9574f288,0.0,0.0,764112.3144397202
012e4051e3934e01bf83f5126f19f5a2,0.0,0.0,5955960.700880401
00e4c3d6b95947e0a589cfe1e52f3df0,0.0,0.0,375552.39744184696
034ae7a6124e4d6b9f2f48688f667d59,0.0,0.0,1782875.3028299357
0252565af6c74cb3bf83ac92ff9c5e5c,0.0,0.0,1305910.3039167107
199b9a48bbf34242b5724c264497a5d4,0.0,0.0,1921214.6026764964
1ad5d933c6404ee9a4e8477eaf8a0cbf,0.0,0.0,1426812.2304133049
438cb725ecb14d539b6009353129a159,0.0,0.0,31877576.95425159
4321f5a902b94e1c9448c0e90d482ffb,0.0,0.0,797941.1679291199
45311de8bbb44aadb769e6d92d04c93b,0.0,0.0,793699.1250474348
46f062f2f1de482a8fdb1a63abcd7590,0.0,0.0,2394804.675592495
486c0c49fb9840548fd4ee2a2e551daf,0.0,0.0,1527468.4679316264
6336673bf30a441eaf54898e0c905901,0.0,0.0,28558093.9659091
6186cb9044df4976aecf236c181484f7,0.0,0.0,852153.3288261014
5eacad3ed6a242678b13f14e8d9f5a85,0.0,0.0,2979419.57649065
5f27f59d876542ebb8ca6a34b3def047,0.0,0.0,9828548.406296117
60584626a2ca4a67ac81ab3ba1845fae,0.0,0.0,105184.9111590413
598678c49971443e83b1ad3fcefb8080,0.0,0.0,13395935.911500031
57103f17a4ef46d5987e7bae3065cefd,0.0,0.0,1063767.8422666122
574ea17884ab46d8af3629b3f48748ec,0.0,0.0,1766397.296407569
5b555f58c7a049449add69773f615726,0.0,0.0,1364175.5948510414
5be690787aed439bb966ed73bb44f7df,0.0,0.0,69043940.4118692
49cd919b35f84f43a35d181922d1835b,0.0,0.0,3102852.7160945735
5531f6d741ea49d58d680b4e72083729,0.0,0.0,13596585.448133877
559639091ac64fa787278c3bf8e33ba2,0.0,0.0,1326858.2330583243
56358838cc5544859f8533c27a9dbc30,0.0,0.0,3529954.603157251
53c294fcafc1415989057ba0334b0ad8,0.0,0.0,500510.4987259885
510218f71c774568962a777632bd8322,0.0,0.0,5155255.975930143
31e978bc7d4142eabff911e223592922,0.0,0.0,326353.6794749495
34aa715c3f79424697ff5c310c6c2d7b,0.0,0.0,14880870.635751672
3695f76b4a2a4a9b9f13f1bb81aff4b4,0.0,0.0,37364859.866846345
2f5b23a16e3e4bd886757bc93029d2a1,0.0,0.0,652553.6231099826
2db77441d43a4319a34c07d1d38056ed,0.0,0.0,10155079.616368506
3b6e47ac1b6144e69cd06bd3d0876c0d,0.0,0.0,1154399.5179102747
38bed51297b64e0292061e9361070b7f,0.0,0.0,211380.96903658204
2298b063f25645feac55b71735aac28a,0.0,0.0,206301.99806072208
2281178965b448b589f9a0c5760ea5c9,0.0,0.0,127424502.87835565
2352fc8f7d3148f6846674a1bfaa02f8,0.0,0.0,6846541.008256586
41ec4fc6d0c94a9abdcb98b8b4331253,0.0,0.0,577716.8633421764
40eace22b1b447cdb339ea98ee75677f,0.0,0.0,1991299.179426684
2723f8bbb3634bfbbc6a5bdf6e3796f9,0.0,0.0,38188.17140934877
29ed2eba7098462aacd9818b40838b2d,0.0,0.0,249280.14229867197
24397fdbbd2d4e8691a69593192280c6,0.0,0.0,9540700.51638876
23bd5e305f5d445386e8ce1cf341c254,0.0,0.0,24758532.961447045
26c5dd6def51466187c8e476858d1b82,0.0,0.0,791061.5721270735
7234874fa2134baa9e7f5d2a058ecb21,0.0,0.0,3501689.802784165
71fb6adb5b8042f4a1143807828264a0,0.0,0.0,455729.13376256166
6c52383dc46b43e68d2d743976d06131,0.0,0.0,698006.9188080559
7092e86b03384bd498e0d366f89c1166,0.0,0.0,3642125085.221604
64c1500c4fd249bbbae7d0f3ab039482,0.0,0.0,421871.07399717154
663364eb15d54f4ca1c9d279515c953a,0.0,0.0,68606733.21739747
68eb666635de404e94e9ff13572e527e,0.0,0.0,3407895231.3473716
80943e2e1b354886b774af0907a59061,0.0,0.0,264473.2259922816
82b5b62808fd40e7b3e9f7f510b0a88b,0.0,0.0,67960262.02390485
82e952486bdb4ff59af8b14fbb222b4d,0.0,0.0,1411376.460355686
7ff3b87e1665428da0a2cbd1954e846d,0.0,0.0,67228.32934154602
7dfd397f66b040cd9152bdee320eb420,0.0,0.0,414364.21652061905
7e73212233d54f71abf0677bec308fa4,0.0,0.0,48234924.11959529
735fe1625d6044d78d1ad8c34ee75e14,0.0,0.0,6276464.981997623
75b9cfa9eb234dee9e8af18d1aa1c116,0.0,0.0,554354.2939564327
75dd0f3dda594d8d838266d791e219dd,0.0,0.0,18554773.07830747
76eae450d8f44d9da296ca01e11f30a4,0.0,0.0,158999.61830326094
8a355e1b111043aa9d452f0dfe6ab02b,0.0,0.0,2076950.7468742891
8a89d61954c0413689bc7da6f593e1bb,0.0,0.0,56002.563417578756
89601dfc6a8f4fd787c8a5766dff5144,0.0,0.0,12139818.168128677
88a9afa2396b454899ba037197f9e66d,0.0,0.0,3888744.795612566
8886964852bc4f12961eb3aea3ca6230,0.0,0.0,248269.86819830464
886244c8d73f4c109b7b4726e0691455,0.0,0.0,1231501.072022387
8d7ec3cae82c4aa9b9760c2166f4098c,0.0,0.0,424463.637294761
906d4059097642f09334e14cb2ea0667,0.0,0.0,847684.4350217978
90d15b20cd01446ca175839845b27527,0.0,0.0,13428338.99458112
8e99289a3c274070aba53a450c0e5c51,0.0,0.0,41327192.32408516
c1369b43490848cc9eec61514bbd95ab,0.0,0.0,460880.76483989746
c49e1592f4f344269f8c04682b39b4f9,0.0,0.0,558724.2589198642
c957baa879c542748c86cb2f1ee6d918,0.0,0.0,1586473.718855876
ce17b1a4f28642e5b79a797efe8e0ed1,0.0,0.0,1531885.0818068958
cfeec21b4bce4b2e9a2dab610bd896a8,0.0,0.0,2126381.4142875928
ca5c2fbaba3a4206958fd2bac90248aa,0.0,0.0,252716.18422589614
bb5a42eaca8e4a9bb493c5565f91b6db,0.0,0.0,825301.904835418
b81546064aa84c6cb7fa57c46a8a8ea0,0.0,0.0,1360606.16300184
b59a62013f8846de82ccb3ccbcd42ce4,0.0,0.0,681322.2986655893
ac9772af18134e87b590d438afe48293,0.0,0.0,473294.5350470802
985fd81b338e4afea2b484218b0a7585,0.0,0.0,5014663.930885867
981ec51ae26047d5b7726e019386f67c,0.0,0.0,16368091.017159615
967fe54361444f3891c4e7fd2ae282b8,0.0,0.0,252368.53518101168
94c4063e9ec545f9bc4e9bd15ab7f3b1,0.0,0.0,3900264.4456713023
a120512a6368489f8d640a601e548b87,0.0,0.0,1083474.5770643554
a018003d192d4f219502cfc885d77cb6,0.0,0.0,1257415.9702309128
9fb86655485c4b82918290cf26ba3b39,0.0,0.0,1983343.4731367603
9f90ae7e0eb64251af3fefc02b8aaed7,0.0,0.0,1361535.4284474496
9ed8f9661b6e4d8ab42fccff2e7e2957,0.0,0.0,493377679.4881309
9bc3397ecffe4974ab9612e4a3dce4f5,0.0,0.0,21712729.56012337
a2bd4baa528e456aaa52a84c914f5778,0.0,0.0,330511.61234874744
a591ffd5ad3e431389f08882e513ccaa,0.0,0.0,1184166.1506061906
a49e25a86e8047abb8b8f8079763079c,0.0,0.0,562693.7783770597
a8f954ff33fd46619cdb07bc9b79bd34,0.0,0.0,5881739.072416719
f42854c5199640d3a28fd89661afcde6,0.0,0.0,320310.4941040666
f6f21c48a2264ce99926e1ddae87a6f1,0.0,0.0,1599803.2031685044
f58c6a47e28a465a8eced5ef3e1e4062,0.0,0.0,4384580.735427433
d794166777cb42dea80cb2f227147edf,0.0,0.0,1562454.5949310048
d72e5b761c474ff79ce1887c6b44da18,0.0,0.0,3491565.3608195316
d7099e3cbf4a48ad9762c0b5b941f8c7,0.0,0.0,41697.42675067826
ef93a67d5feb4095bb73753435efe7d9,0.0,0.0,3837964.2861993737
f369fd910a5f466db881ae939cb7c2b5,0.0,0.0,2867041.1850713743
f242ce3fe59e462aa37b955d2ef99674,0.0,0.0,670274.4661943826
ddcbcbf2ffca47068a22e4495e4f9c0e,0.0,0.0,469110.2466081635
e53476415a014f778e5296b0ba6c2523,0.0,0.0,2316518.6597786513
e58b2453988544c3ad6e67a68d0cf461,0.0,0.0,2152370.4985886286
df8dd758fa974ab885054e26516af69e,0.0,0.0,6092500.739624593
e17f0e3a6de146e58a036a3058924ca5,0.0,0.0,1306543.8803284364
e1f50301dbff48ec85288d23ab60b609,0.0,0.0,1370856.7123406273
e215a6dd180644b0bdc15388568ca988,0.0,0.0,1987104.3858342087
e7271a07a4384041aa5fa785face8dff,0.0,0.0,3436144.934019155
e9d72be38c8044f2940efd669b207ec7,0.0,0.0,2521436.985703741
ea7b4ce4e95c47699c7c06412b9721c1,0.0,0.0,784398666.1746216
ec7086739de14820bb8e645a6606566c,0.0,0.0,2864590.242933018
ff45538fb3fb43c2bca3fb166d7d5231,0.0,0.0,3361440064.553604
febde3ab0b6f48b4822e7474c3b15bfd,0.0,0.0,184980.24052453382
fd91eff92c6c4053a352e4056b74c950,0.0,0.0,5548082.755107416
f85ca171b08f4000a5f684985953f0d5,0.0,0.0,1386055.4764714735
fa8c1863fcd54ea794a025d90260a23a,0.0,0.0,153291.6160254288
e9a82919c04242cd87d3d647d92cd349,0.0,0.0,107454.34558563375
e62b83a316bd478f98edd283ca8fe8b8,0.0,0.0,8539073.07649447
e5533afa671e4518bafc198164e1b4b4,0.0,0.0,18664840.01647177
9b4df66ba04a4c14bc4e4fea58907e05,0.0,0.0,1101846443.0224562
ace49303afd944419ee2dcb4250a1911,0.0,0.0,1137633722.2411227
aa0c3a8c92c140398e68dad808703fb7,0.0,0.0,67906786.48725489
b9c521c07a5b41d9860fa4c45d1fd16b,0.0,0.0,306827860.165689
cb6499402f7c4a699b5521f017792c36,0.0,0.0,168103797.10970533
cd2e36ca7cec4545926b7432e96f77b6,0.0,0.0,37031528.62495196
7b876b3aa0d04fd0b661f752f4296a3f,0.0,0.0,102996717.82572354
805f98da4d81436381e3b571db1d47c0,0.0,0.0,1478483754.6953669
6b7f3f4d19444956ac3bf80fc0997ed8,0.0,0.0,72545484.77243727
507358aced1646ceb74fcc656abefd4b,0.0,0.0,766462268.8113476
446b5fbabf744eae8408da692e5a1dd0,0.0,0.0,1532536943.8037174
0a6e68b27acf4c69be47726d8b95ba2b,0.0,0.0,1173059999.6972694
06129f50116e463ba791f25fd5f5f5c1,0.0,0.0,218798110.56302792
4eb1c14a68cb431da5d849e2d675d1ab,0.0,0.0,1352793.1049365858
68907ae091be47a9b56e7c33be14c02a,0.0,0.0,11821667.126585765
bc24aa9803b545bcb0dd8f38dea1607c,0.0,0.0,10957507.025126055
c6dc9f3e5c8c48aeb4cba252c6f95bae,0.0,0.0,48463865.44948913
b196806d6e06423db791e4648cb9e570,0.0,0.0,31877576.95425159
b4b97dea4cd942ebb74ab9c4b35c4a90,0.0,0.0,514779446.0765933
81e5aebf07704f9088e3382f3bf35288,0.0,0.0,36491588.597011134
165c1e1849ba4fb3967d59cfb49ae222,0.0,0.0,36147436.51979892
c87e342d71fc4883b0d16cd6228db13c,0.0,0.0,1780026894.6232345
c6f5e5af6edd4bd0a734dab2d83143ec,0.0,0.0,848927969.3880434
c9af184e30f9438594b4ba7d04a74dd1,0.0,0.0,17046174.684493624
c921ec6cbfc54a7489e18b24c758e919,0.0,0.0,3914475.9029276073
c65b50879801491ab9e63efa35e35b70,0.0,0.0,1048767.4800586256
c694db7d563e4bfab7e190b90c2f13e8,0.0,0.0,3307741.189708583
c164fcfd459944a7bc8fd01e073d5936,0.0,0.0,421777.57190884615
bd832ddf5e1c4879b546096605174088,0.0,0.0,463220.538949721
b96ed988dec64e34a3545972fccf8126,0.0,0.0,312157.73737317545
b9ed0d5e66b64a09ad34517b33a62ba7,0.0,0.0,22659075.408067398
b86421a91c3f475796ff513fc7a73cc8,0.0,0.0,1693331.7212096767
b86f4515b5f44e6b9723ce938614678c,0.0,0.0,62448.62048107953
b72317d8d8e4467a9a26112cad5b14a3,0.0,0.0,1909747.259301188
cc38649ade92406fbef2af35e339d98f,0.0,0.0,1196855.7937157995
cba0c3115dfb4ef38f4b3062f5d55251,0.0,0.0,1033349.3966849409
ca58830cad3343f4920b1dd47b6baf72,0.0,0.0,2824666.331657
cfb27f48812a4f8a80615960df773461,0.0,0.0,21401521.957030132
ce6c8c9472ea44e3b1bc3dc1b844804c,0.0,0.0,22906001.34711296
cee6c55cffbb447ba953be4134184934,0.0,0.0,18022146.75118414
d55c7eb53bef4e55bba24c97c68d8c6f,0.0,0.0,112521667.91748618
d0d6c543ddbf46289c6de3c6fd87b606,0.0,0.0,6491922.989326629
82129f8b4d77480a9992fcbe1d5d5f90,0.0,0.0,66670691.14323416
8557c6e03a064915a90cfac72808b21a,0.0,0.0,143950341.31618762
7b90f6d6062e45b69b4575442be26672,0.0,0.0,899041.5300697628
7be38131593e46a18b0695e9aebbd100,0.0,0.0,8267152.057151173
7d36710e6401477887c217b55b2e6408,0.0,0.0,4882369.470444997
79cadc62183448aaaa1265cafb3f7c9e,0.0,0.0,902598.8921859267
7acff8a5b514491ba2a1b244677740a9,0.0,0.0,24582861.342901748
7aa7c536749a49baa5bf7578d8f0098c,0.0,0.0,7129800.787348723
7ecccd45322345b2b906143160349d78,0.0,0.0,28357258.646921705
8053e7bcbc4e490c9ce67972b23dee6b,0.0,0.0,2367104978.6805224
914fbfd8a52243499bca6e162a84da3e,0.0,0.0,61617582.88818647
923bc6adb10f4759a0c875ff6fe09f16,0.0,0.0,311815.187074561
8b30aeda0c13420eb88ffbc2aa67e787,0.0,0.0,30553178.56015639
885008d065d3481a91f7d790956bc112,0.0,0.0,8521465.302977648
87b257ac6ac94bae9ea42641d1c0bdb5,0.0,0.0,10839557.75921251
8a5681841f53494da7db5ebef7f12df7,0.0,0.0,281039.93194746034
78616fe312de407e8e8b15f9c1dbe11c,0.0,0.0,16340652.017623372
b4c5128da822453dbadeadf1a0699eef,0.0,0.0,19514567.63529215
b5668d21bddf49a9a0ed4f6d332373fe,0.0,0.0,969853.3928193185
b1d96f21c41344eea3b5227fd7999a3a,0.0,0.0,2373162758.0262814
abd7b718995a4ab2b1282f3268fe6b1f,0.0,0.0,18981551.959038824
aca05531ddf14c1ab740721ebd8c7677,0.0,0.0,1323559.7558451411
acca40623725497889a433ee299912a1,0.0,0.0,16822517.301016074
ae06bec687ad4eac904b34d1d83c0220,0.0,0.0,1164730.1318876715
af692aed2ef643d0af91b0d4c686a6da,0.0,0.0,1444365.2692527259
ae88ad567f1644fe9bcd461ee42d1d19,0.0,0.0,6015338.154396886
99a4f9d7b7c344d980b1378d8d900dd0,0.0,0.0,2032390.7988591266
957f1533558e415da9d8672e80ead91e,0.0,0.0,3324919.1438591126
a68bc425e9c8426da23da5bdda1bb44a,0.0,0.0,37837856.839983165
a5baf4f4aad94f8389f89a44aed367b9,0.0,0.0,29241601.15299113
a5c149ad41244c1a89a8ea623e230133,0.0,0.0,1879144.1951962812
a4304a16c1684db5aef4228ce03cbe9c,0.0,0.0,1116476.2149469855
9ebc1f3cd2a14b818c96481b8af84982,0.0,0.0,351952.1446377004
9f04c60600e141688b8b05a30b31f578,0.0,0.0,2108739317.2990825
9fe75f53209240cd9c4719fdce773c07,0.0,0.0,48168337.3366021
e3564814b10c4085a3114fa4c56ad807,0.0,0.0,9523446.220812956
e1c3591b153e4919b4ca1e3f8fce6494,0.0,0.0,109863725.71312782
e01c748358564b59a367b77a6f006af4,0.0,0.0,168578.540291846
e6c17575ac374b35afc3e70f4cd46cb8,0.0,0.0,3424018.804549339
e920216cb0274df683bd8710e44eae1d,0.0,0.0,58291714.14536079
e9333cd750604e33b0289613cddc64ad,0.0,0.0,37462446.8021103
e9e164f0e99c4f6697cec98e79675d6e,0.0,0.0,148291375.5924598
ea1d7d5e0126496d8a82896c2b970e2e,0.0,0.0,5534389.387034168
ebb2d30dbf4d46a9a780a33697f252c4,0.0,0.0,13181890.440282904
eb9efb6f44e345a8b45d1c6b4835beab,0.0,0.0,440578.40677212644
eb791baf46c0449eac284c8b435a201e,0.0,0.0,16719626.509883331
dda04b5eafc64fe7a71f45fed6848eb8,0.0,0.0,1202474.596165648
de3b6410af55494dab6906500a4855c4,0.0,0.0,176735.60181766417
d8f3ea15bd72408fb2919b2139f9931b,0.0,0.0,3218584.98326497
d84d5b7e1f1b4c918f6b64a196850eff,0.0,0.0,589325.6831631301
f2dc8ec936664de4af197962b788c0d4,0.0,0.0,312262.0753695589
ef7b792dfbaf4b819b029e9f3c22588d,0.0,0.0,31865580.939288788
ef974f3c6d3642cf98e9236d7e9075e9,0.0,0.0,11400131.80598618
ef54b676125b415b8895b7f764bbf3c1,0.0,0.0,671300.1464553458
efeec5b5c4894b4993a7a1a909e6efd6,0.0,0.0,2603771683.039142
ee83bcb399c14cd6be16f58913c0bfa5,0.0,0.0,312631.5450579926
eead12dc290e49dc8b181dbc594eef64,0.0,0.0,49788606.64566773
ef2f992d38bf47e18f1b165ed94536e7,0.0,0.0,2004075.552063424
d7d8d2d465944774a60e9014ee0a5c39,0.0,0.0,7344823.370940799
f6308481edf04552a0be08ac85c089c8,0.0,0.0,1244430.8916358333
fecde8ddb3b848e894e0c060fe704dfd,0.0,0.0,3502362714.438047
ff8b41fe858d44c48b9c03e33aefa98e,0.0,0.0,6118102.847188746
fa5e303180ac419fbd6dd562d95fc758,0.0,0.0,366315.10149828374
f950e8695e434c77a06a3364d9a2af06,0.0,0.0,106068999.62379347
f86e5754e93f4fb4b580630d683a8c80,0.0,0.0,1280332.9935518142
f7e8107ae9e841368e2dde23bbc52aaf,0.0,0.0,22023311.9013303
fae130f74f094bcc8fd99c2e1f206e59,0.0,0.0,288181.6804415063
14c3b158a0364b2da65fb100f1da9a37,0.0,0.0,3165684.9306726297
1798a7dde2964508a67b5c5bf8ca20ed,0.0,0.0,1193868.3952465772
171d0d2a4a5c4526aad7a930b8f53b01,0.0,0.0,8546569.480598921
1740e8ee2dc1484a8c4582473d040e78,0.0,0.0,222065.44147335607
18fb31e8b30243599fa2b3e97a5dd658,0.0,0.0,2989183.2197366916
1eac8d1c6c3b4f03b400250795e18b0b,0.0,0.0,686926.3459426409
1dcdb0ed657d46bb907fa42e725061c6,0.0,0.0,1484724.3317979197
1c86e4b4f25047e9972857104d036047,0.0,0.0,1270439.6743974658
1ce931276a11433d9dfb4f4e3f448b89,0.0,0.0,15170115.239349172
1fc5163f1fed425bb3d0fbf22a5d24ca,0.0,0.0,1266664.9645897704
219db6eb40f54c6dbcbda1f95a7a5a4f,0.0,0.0,1730052.1568864407
0388e6922ca64f52b76c33e42ddf8259,0.0,0.0,210432.88515631715
04e4be5384094119b98779639daae5eb,0.0,0.0,8942540.075513221
049645329ca4405e85403dc410ac8df8,0.0,0.0,2707515.1222466477
02391980521845d7a8254e1c27d113a3,0.0,0.0,47112869.4137019
0362600d9abd4478936e43857f0aa4a0,0.0,0.0,138237.5717031016
030d867f47ee4b9987dde71189e642d2,0.0,0.0,933615.1726133965
0911098b2de04db6b2dee0014852ccf9,0.0,0.0,99235573.69510186
08a58e9a02df4a958d97ea41fa48455b,0.0,0.0,3896335.323722827
0c97c6083605411e8b31d8f4ccf9b755,0.0,0.0,13005438.027017506
0b3d569801854150b996eb360b17f95f,0.0,0.0,662923.8862970925
125dc56635834f18a7aab4d43c876fcd,0.0,0.0,819109.3583645696
116c2fc9e1384296a80c3919360d13cb,0.0,0.0,8847281.500780022
110db874ce1e48b885d0566a4a06587f,0.0,0.0,24830407.960290674
10713f99e7344a03842549b1c41fc1eb,0.0,0.0,78838814.86000782
1004c33ed7f741b3917166130e0ccddb,0.0,0.0,105184.9111590413
4fe1fcff6c7049d998c0a96e8642a17d,0.0,0.0,800815117.2537972
4b7e677cc7294a90b90b22116254d458,0.0,0.0,1819205.5871553568
50a680a0a7e345faa602139d5a8ebb05,0.0,0.0,69666392.72218615
53be487a84d74612bd254735fb128f7a,0.0,0.0,2826644.822563466
445d1ce6a1fb4593be04ef1d2e5e4628,0.0,0.0,81459.68423873013
44dd645db5b148739bfab0c251dfadca,0.0,0.0,904753.5564416
457a401638e04a379eb443d2e0c30900,0.0,0.0,1012473.214540714
47d24f3df763452c8949954fb03d5f69,0.0,0.0,22395420.550587237
471c5743e74e4616ab21cc24ab506de9,0.0,0.0,36867235.47177061
4781a1a26c384ef28a261355df5fc5c6,0.0,0.0,8680758.812255401
478ca47916b34952bad7dc0f057a7608,0.0,0.0,6266651.741894112
5cb5070de8cd4050bf702fb0542b6dec,0.0,0.0,28418810.79826883
5b356f62b56f4219a22ddf8ea6009436,0.0,0.0,777639.3315384134
5aa984537ca3463699129ff725ed54a3,0.0,0.0,19844099.63826536
56d15af99a2a48f491e6b26030f16ae6,0.0,0.0,9613857.401983242
5fc994ad1d254d5ab8a5dcb620515ce3,0.0,0.0,4882728.637274435
5dd806c3fec6407cb4a4793a145a90ed,0.0,0.0,2572119.1840658095
61c77dfb69b042509d9a38ee0d767bc8,0.0,0.0,10488097.487753585
6273831f48c141349ccfb56c9756f7dc,0.0,0.0,70941723.72181223
26f1f975b33547cca135526e97a8f7f3,0.0,0.0,11529084.456019944
27054d03b9b94ad198faa7280c951c60,0.0,0.0,1427998.2932040116
25cc6167c2ea4de681cc6a30dbcace42,0.0,0.0,59989421.70852013
25bf01750dd44d5bbf8b3ed82c3e3992,0.0,0.0,135488082.79762745
2473c7ba20c341228c763d8a8cf95ffe,0.0,0.0,2937805.6662657103
2491c62abd1a49de9eabf61765c51821,0.0,0.0,13854600.11163585
2a554e3d69db492ab469601b7818b9ad,0.0,0.0,839942.0175791587
27ee575d49e24a1f8a7707db0d9a847a,0.0,0.0,69393822.35003369
288d6b30fc58463392f6733ca179b656,0.0,0.0,18766862.07483562
3fd412ac76e944bcb7f5512051332903,0.0,0.0,94771.96142918027
3f02d2f807ba435cb49eddced2291803,0.0,0.0,2571167.8038427136
22c4d9acec52442eba94d6d41f6b19d7,0.0,0.0,2765886.231459382
229b0bd9181d400d9a4845051cdd6a1d,0.0,0.0,12409237.622686299
3bf6516ae7274baa8363eb49a7d2ec9b,0.0,0.0,887537.9691698104
3cf749abab6b4e748c0d94ee159f511d,0.0,0.0,2869554.252931817
3d6d9a6099e646eeb2aa0b65cd467a88,0.0,0.0,3170381214.3378806
2d513f39202444dc9a10a672d23fb4d7,0.0,0.0,2837630.6320584263
2b7c7ec3054d43d3a9a7f46be23c2a8e,0.0,0.0,19257567.59738861
2fb97fd6f3d3404c95237fbfe600cfa1,0.0,0.0,856739.8359676003
30863a59d4b54b26ad0d67e054a36d1c,0.0,0.0,7378676.997918448
3066419167f941a28ec51617ca7859ba,0.0,0.0,624660.7389002907
36cfb240efa0489589264223d068ba71,0.0,0.0,724909.4383859761
37de8744f41f436693410159c848209b,0.0,0.0,956915.8967264729
313b608c518f4d06b9739321458c2c42,0.0,0.0,52123526.65222929
3310eedc9f5a45ffa42b9933f040b5e2,0.0,0.0,37088239.96243402
33416296cee74824ab8fbb15dee60ff1,0.0,0.0,205564.59891635072
72dd42ad220a4a7f8316523c3b7f64f9,0.0,0.0,30134094.88632152
6cc1555ee1c14eaaa4b15325b453d75d,0.0,0.0,346956.11690340546
