event_id,dist_to_river_ord4_m,dist_to_river_ord5_m,dist_to_river_ord6_m
2003,497.36894749726656,497.36894749726656,569.2282193736949
2004,6.153972439001526,41.60912340133256,41.60912340133256
2005,2870.0657076290913,2870.0657076290913,2870.0657076290913
2006,116.89215790406311,116.89215790406311,116.89215790406311
2007,54.46493754103298,54.46493754103298,57.09088359581717
2008,322.7130215566392,322.7130215562446,322.7130215562446
2009,43.015456470826436,43.015456470826436,43.015456470826436
2010,3.6772816126582977,3.6772816126582977,3.6772816126582977
2011,784.9332999395456,784.9332999395456,784.9332999395456
2012,252.5592048157195,252.5592048157195,252.5592048157195
2013,6.208846433314842,38.23272843283251,38.23272843283251
2014,27.5545772489275,27.5545772489275,27.5545772489275
2015,1.2390071970505305,1.2390071970505305,1.2390071970505305
2016,574.1497610186668,585.0653875112591,585.0653875112591
2017,71.39689109333196,71.39689109333196,71.39689109333196
2018,908.7923122199803,908.7923122199803,908.7923122199803
2019,35.31053570008581,35.31053570008581,35.31053570008581
2020,5547.430768508874,5547.430768508874,5547.430768508874
2021,2123.230788603471,2123.230788603471,2123.230788603471
2022,155.69314611429255,155.69314611429255,155.69314611429255
2023,7.151812582446146,7.151812582446146,7.151812582703325
2024,202.4173951711188,202.4173951711188,202.4173951711188
2025,117.39587988903607,117.39587988903607,117.39587988903607
2026,57.48158307029074,57.48158307029074,57.48158307029074
2027,468.7017952704176,468.7017952704176,468.7017952704176
2028,54.121719711130666,126.33946028640474,126.33946028640474
2029,,,
2030,2988.605671822264,2988.605671822264,2988.605671822264
2031,105.44509373908642,105.44509373908642,105.44509373908642
2032,371.90295182060504,371.90295182060504,371.90295182060504
2033,58.62580885127666,58.62580885127666,58.62580885127666
2034,70.1265807557565,70.1265807557565,70.1265807557565
2035,320.965424424308,320.965424424308,320.965424424308
2036,70.1265807557565,70.1265807557565,70.1265807557565
2037,165.5615825240364,872.5702195331393,872.5702195331393
2038,967.9566498895276,967.9566498895276,967.9566498895276
2039,187.78691862299965,187.78691862299965,187.78691862299965
2040,743.7776468471033,1087.0854710024603,1087.0854710024603
2041,508.82251583461533,508.82251583461533,508.82251583461533
2042,25.647784551523426,25.647784551523426,25.647784551523426
2043,427.53899546953585,427.53899546953585,427.53899546953585
2044,100.90428191733504,100.90428191733504,100.90428191733504
2045,20.803864462835683,20.803864462835683,20.803864462835683
2046,123.51399372532843,123.51399372532843,123.51399372532843
2047,62.25615484101942,62.25615484101942,62.25615484101942
2048,5.496526691481279,5.496526691481279,5.496526691481279
2049,,,
2050,109.96955492399736,109.96955492399736,109.96955492399736
2051,45.94022834441236,45.94022834441236,45.94022834441236
2052,88.39844811572742,88.39844811572742,88.39844811572742
2053,952.9641450006634,952.9641450006634,952.9641450006634
2054,21.71813430996769,21.71813430996769,21.71813430996769
2055,1.6952883700741808,1.6952883700741808,30.093279923839397
2056,532.7383651974894,532.7383651974894,532.7383651974894
2057,236.6026634488184,236.6026634488184,236.6026634488184
2058,135.2484836059139,135.2484836059139,784.6478947879114
2059,286.9362767009633,286.9362767009633,286.9362767009633
2060,20.344131812481468,20.344131812481468,20.344131812481468
2061,50.83536983444048,50.83536983444048,50.83536983444048
2062,135.2484836059139,135.2484836059139,784.6478947879114
2063,83.09046284151869,83.09046284151869,83.09046284151869
2064,743.5368951129453,743.5368951129453,743.5368951129453
2065,82.02958395259061,82.02958395259061,82.02958395259061
2066,339.3815017683148,339.3815017683148,339.3815017683148
2067,1638.2773195061327,1638.2773195061327,1638.2773195061327
2068,,,
2069,359.9842129915482,359.9842129915482,359.9842129915482
2070,,,
2071,28.19621707750874,28.19621707750874,28.19621707750874
2072,1300.1719125251466,1300.1719125251466,1300.1719125251466
2073,1669.3049736100497,1669.3049736100497,1669.3049736100497
2074,407.5595487188679,407.5595487188679,407.5595487188679
2075,1.365170671919376,1.365170671919376,1.365170671919376
2076,1300.0935871163401,1300.0935871163401,1300.0935871163401
2077,108.69787442023845,108.69787442023845,108.69787442023845
2078,,,
2079,1328.9806829080258,1328.9806829080258,1328.9806829080258
2080,1417.829181210761,1417.829181210761,1417.829181210761
2081,,,
2082,10.215134686704202,10.215134686704202,10.215134686704202
2083,52.08338402485378,52.08338402485378,52.08338402485378
2084,515.2915502334781,515.2915502334781,515.2915502334781
2085,353.93911118275736,353.93911118275736,353.93911118275736
2086,162.07782574328235,162.07782574328235,162.07782574328235
2087,,,
2088,1479.8913998773698,1479.8913998773698,1479.8913998773698
2089,219.62962795804702,219.62962795804702,219.62962795804702
2090,732.8328780324816,2609.873458519015,2609.873458519015
2091,1320.8483078230668,2521.6013394282663,2521.6013394282663
2092,339.3815017683148,339.3815017683148,339.3815017683148
2093,422.2282665582931,422.2282665582931,422.2282665582931
2094,269.273347368628,269.273347368628,269.273347368628
2095,345.3357930193789,345.3357930193789,345.3357930193789
2096,434.83906807214095,434.83906807214095,434.83906807214095
2097,655.662605806598,655.662605806598,2237.721066095137
2098,108.75188277475655,108.75188277475655,108.75188277475655
2099,152.85600473206696,152.85600473206696,152.85600473206696
2100,174.72718507625927,385.9245894175628,385.9245894175628
2101,552.1093923787115,552.1093923787115,552.1093923787115
2102,529.7491804142942,529.7491804142942,529.7491804142942
2103,240.6897676563365,240.6897676563365,240.6897676563365
2104,2292.334049999807,2292.334049999807,2292.334049999807
2105,168.9910384669991,168.9910384669991,168.9910384669991
2106,253.499249753476,253.499249753476,253.499249753476
2107,499.935822762833,499.935822762833,671.9226303333023
2108,659.1380951218653,659.1380951218653,3464.8028189253414
2109,249.7788619065555,249.7788619065555,249.7788619065555
2110,209.76550034553995,253.83273016654198,253.83273016654198
2111,729.5903340203271,729.5903340203271,729.5903340203271
2112,106.8542440019809,106.8542440019809,106.8542440019809
2113,70.38818607787181,70.38818607787181,70.38818607787181
2114,93.2119077369378,93.2119077369378,93.2119077369378
2115,156.51255649444647,156.51255649444647,156.51255649444647
2116,390.1912880088085,390.1912880088085,390.1912880088085
2117,475.3096646910023,475.3096646910023,475.3096646910023
2118,14.948843606050623,14.948843606050623,14.948843606050623
2119,82.92007484857469,82.92007484857469,82.92007484857469
2120,61.451636624804316,61.451636624804316,61.451636624804316
2121,209.3924098613388,209.3924098613388,209.3924098613388
2122,193.39412293685996,193.39412293685996,193.39412293685996
2123,163.71678409997224,163.71678409997224,163.71678409997224
2124,244.37663816733405,244.37663816733405,244.37663816733405
2125,129.24191317618724,129.24191317618724,129.24191317618724
2126,85.54077136804715,261.03170461862504,261.03170461862504
2127,16.15312475638765,16.15312475638765,16.15312475638765
2128,18.79807773944295,18.79807773944295,18.79807773944295
2129,1620.2723395368,1620.2723395368,1620.2723395368
2130,261.03593469348266,261.03593469348266,261.03593469348266
2131,465.047030315149,535.6662050026849,535.6662050026849
2132,140.44367152221906,140.44367152221906,524.5903987300468
2133,684.4631050536877,684.4631050536877,684.4631050536877
2134,166.488738470663,184.5336300075811,184.5336300075811
2135,155.53896020289096,155.53896020289096,155.53896020289096
2136,655.3318783374477,655.3318783374477,655.3318783374477
2137,366.9346722625075,366.9346722625075,366.9346722625075
2138,253.83273016654198,253.83273016654198,253.83273016654198
2139,87.31840577943512,87.31840577943512,129.86273940383768
2140,25.050500988191406,25.050500988191406,25.050500988191406
2141,238.17177844690286,238.17177844690286,238.17177844690286
2142,25.044209596115948,25.044209596115948,25.044209596115948
2143,193.3647076900641,193.3647076900641,193.3647076900641
2144,615.9440463201314,615.9440463201314,615.9440463201314
2145,278.2592702359047,278.2592702359047,278.2592702359047
2146,495.7629117064127,495.7629117064127,581.4269099377091
2147,252.99319078368842,252.99319078368842,252.99319078368842
2148,184.4501050593141,184.4501050593141,184.4501050593141
2149,15.176630976478851,15.176630976478851,15.176630976478851
2150,735.7924621437621,735.7924621437621,735.7924621437621
2151,12.94671625403349,12.94671625403349,12.94671625403349
2152,54.619680162202556,54.619680162202556,54.619680162202556
2153,57.82419483047113,57.82419483047113,271.05655236315675
2154,70.05433905047097,70.05433905047097,70.05433905047097
2155,39.93661547200258,39.93661547200258,39.93661547200258
2156,300.1465902798484,300.1465902798484,300.1465902798484
2157,1100.3357036899242,1100.3357036899242,1100.3357036899242
2158,157.15296099422218,157.15296099422218,157.15296099422218
2159,323.0822847514797,323.0822847514797,323.0822847514797
2160,19.002132972161476,19.002132972161476,19.002132972161476
2161,61.63565069053757,61.63565069053757,61.63565069053757
2162,254.24420552745036,254.24420552745036,575.5193667786214
2163,304.4529252757768,304.4529252757768,304.4529252757768
2164,80.1010604161149,662.5003245227086,662.5003245227086
2165,113.11863184077481,113.11863184077481,113.11863184077481
2166,136.6425513624644,136.6425513624644,136.6425513624644
2167,36.5433443701537,36.5433443701537,36.5433443701537
2168,48.16416215642643,48.16416215642643,48.16416215642643
2169,343.4272491251886,343.4272491251886,343.4272491251886
2170,2.035619309360655,2.035619309360655,2.035619309360655
2171,74.64450483683494,74.64450483683494,74.64450483683494
2172,512.74120356776,512.74120356776,512.74120356776
2173,589.3492472286731,589.3492472286731,589.3492472286731
2174,103.84526669921479,103.84526669921479,103.84526669921479
2175,510.00999432956456,889.8348309374775,889.8348309374775
2176,276.5031359346135,276.5031359346135,276.5031359346135
2177,387.3614467094028,1527.8768019717793,1527.8768019717793
2178,0.7775217416848099,0.7775217416848099,0.7775217416848099
2179,1194.5616911745637,1194.5616911745637,1194.5616911745637
2180,16.15312475638765,16.15312475638765,16.15312475638765
2181,311.1985454460706,311.1985454460706,311.1985454460706
2182,264.08855472983413,264.08855472983413,264.08855472983413
2183,1204.6657091482273,1204.6657091482273,1204.6657091482273
2184,890.7775687439511,890.7775687439511,890.7775687439511
2185,217.60539512214362,217.60539512214362,217.60539512214362
2186,12.649616776494522,12.649616776494522,12.649616776494522
2187,366.8567846848744,366.8567846848744,366.8567846848744
2188,47.945070561449604,47.945070561449604,47.945070561449604
2189,21.104402549847002,21.104402549847002,21.104402549847002
2190,11.070644914923072,11.070644914923072,11.070644914923072
2191,38.01060680223034,38.01060680223034,38.01060680223034
2192,87.12642841597665,87.12642841597665,87.12642841597665
2193,1000.2922125495459,1000.2922125495459,1184.4793304930286
2194,234.05380803805863,234.05380803805863,759.7999045340977
2195,320.965424424308,320.965424424308,320.965424424308
2196,8.120556173350494,8.120556173350494,8.120556173350494
2197,661.5493691606882,661.5493691606882,661.5493691606882
2198,311.1985454460706,311.1985454460706,311.1985454460706
2199,58.42889330438659,58.42889330438659,121.33421002455675
2200,146.80661824711117,146.80661824711117,146.80661824711117
2201,120.76765619105322,120.76765619105322,120.76765619105322
2202,11.810936802216396,11.810936802216396,11.810936802216396
2203,325.77203936998467,325.77203936998467,325.77203936998467
2204,54.619680162202556,54.619680162202556,54.619680162202556
2205,655.662605806598,655.662605806598,2237.721066095137
2206,808.0708902727368,808.0708902727368,808.0708902727368
2207,192.79722213092262,192.79722213092262,192.79722213092262
2208,180.3821089056669,180.3821089056669,180.3821089056669
2209,159.2370908819707,159.2370908819707,159.2370908819707
2210,830.4505459507926,830.4505459507926,830.4505459507926
2211,52.390161174544325,52.390161174544325,132.7316341204318
2212,221.92706307443126,221.92706307443126,221.92706307443126
2213,588.6893366848592,588.6893366848592,588.6893366848592
2214,1204.6657091482273,1204.6657091482273,1204.6657091482273
2215,597.6236838861503,597.6236838861503,597.6236838861503
2216,735.7924621437621,735.7924621437621,735.7924621437621
2217,600.0597725691772,600.0597725691772,600.0597725691772
2218,3929.501504308233,3929.501504308233,3929.501504308233
2219,952.8210941386033,952.8210941386033,952.8210941386033
2220,684.4631050536877,684.4631050536877,684.4631050536877
2221,14.506852930627568,14.506852930627568,14.506852930627568
2222,333.17455658504247,333.17455658504247,333.17455658504247
2223,817.212830209271,817.212830209271,817.212830209271
2224,32.101975538113074,41.19298652966865,41.19298652966865
2225,1194.5616911745637,1194.5616911745637,1194.5616911745637
2226,286.18262567515154,286.18262567515154,286.18262567515154
2227,,,
2228,1320.1389401245333,1320.1389401245333,1320.1389401245333
2229,0.5541272953056836,0.5541272953056836,0.5541272953056836
2230,103.84526669921479,103.84526669921479,103.84526669921479
2231,76.10438000485716,76.10438000485716,76.10438000485716
2232,37.746799531243795,37.746799531243795,37.746799531243795
2233,219.32992732982166,219.32992732982166,219.32992732982166
2234,137.7660543196577,137.7660543196577,137.7660543196577
2235,34.16207009443256,34.16207009443256,132.02317037074772
2236,1031.241904774195,1031.241904774195,1031.241904774195
2237,1392.8581029770594,1392.8581029770594,1392.8581029770594
2238,570.0235891299706,570.0235891299706,1822.7664004811274
2239,68.26098607256802,68.26098607256802,68.26098607256802
2240,30.663665241168104,30.663665241168104,30.663665241168104
2241,74.64450483683494,74.64450483683494,74.64450483683494
2242,281.8616548714269,281.8616548714269,281.8616548714269
2243,40.45844615072759,40.45844615072759,58.76703956329477
2244,144.68656508443806,144.68656508443806,144.68656508443806
2245,30.663665241168104,30.663665241168104,30.663665241168104
2246,386.14769226675844,386.14769226675844,386.14769226675844
2247,648.4388624864418,648.4388624864418,890.7593741973083
2248,40.19829598255079,40.19829598255079,673.7680032454057
2249,,,
2250,240.6897676563365,240.6897676563365,240.6897676563365
2251,223.45605163381632,223.45605163381632,223.45605163381632
2252,9.811057385080005,9.811057385080005,9.811057385080005
2253,54.619680162202556,54.619680162202556,54.619680162202556
2254,342.575353063303,342.575353063303,1221.1574311053796
2255,47.12676973537513,47.12676973537513,47.12676973537513
2256,133.8242600834856,133.8242600834856,133.8242600834856
2257,609.0698811408348,609.0698811408348,609.0698811408348
2258,14.723080397811218,14.723080397811218,164.59765494829588
2260,586.0456756648862,586.0456756648862,586.0456756648862
2261,35.31053570008581,35.31053570008581,35.31053570008581
2262,348.7326584429089,348.7326584429089,348.7326584429089
2263,10.31534413764463,10.31534413764463,10.31534413764463
2264,844.2539221704269,844.2539221704269,844.2539221704269
2265,35.31053570008581,35.31053570008581,35.31053570008581
2266,150.32306338429981,150.32306338429981,150.32306338429981
2267,129.75609671458844,129.75609671458844,129.75609671458844
2268,58.62580885127666,58.62580885127666,58.62580885127666
2269,181.9759182812619,181.9759182812619,181.9759182812619
2270,72.70535682022967,72.70535682022967,72.70535682022967
2271,371.90295182060504,371.90295182060504,371.90295182060504
2272,105.44509373908642,105.44509373908642,105.44509373908642
2273,54.76891731922096,54.76891731922096,54.76891731922096
2274,1954.5931586163679,1954.5931586163679,1954.5931586163679
2275,4.539068878134707,4.539068878134707,4.539068878134707
2276,22.31498449893995,22.31498449893995,22.31498449893995
2277,,,
2278,1088.735693929433,1088.735693929433,1088.735693929433
2279,185.41850002328144,185.41850002328144,185.41850002328144
2280,62.60649448467486,62.60649448467486,62.60649448467486
2281,20.736198641408247,20.736198641408247,20.736198641408247
2282,1286.3759990606522,1286.3759990606522,1286.3759990606522
2283,256.2559583037414,256.2559583037414,256.2559583037414
2284,,,
2285,391.1983878248133,391.1983878248133,391.1983878248133
2286,37.61383969929174,37.61383969929174,37.61383969929174
2287,247.56022710683845,247.56022710683845,707.8016774408961
2288,103.96844033151368,103.96844033151368,471.0843655864484
2289,2988.605671822264,2988.605671822264,2988.605671822264
2290,42.2086108594841,42.2086108594841,42.2086108594841
2291,327.24256862785865,327.24256862785865,327.24256862785865
2292,332.8892125695274,332.8892125695274,332.8892125695274
2293,1926.4351975732316,1926.4351975732316,1926.4351975732316
2294,575.2741648048311,575.2741648048311,673.3983441455655
2295,33.239949664157415,33.239949664157415,33.239949664157415
2296,182.7968287317922,182.7968287317922,182.7968287317922
2297,427.7457298525796,427.7457298525796,427.7457298525796
2298,103.96844033151368,103.96844033151368,471.0843655864484
2299,247.56022710683845,247.56022710683845,707.8016774408961
2300,992.9014295741921,992.9014295741921,992.9014295741921
2301,16.522009065337873,16.522009065337873,16.522009065337873
2302,337.69310832447786,337.69310832447786,337.69310832447786
2303,12.535905240047958,312.852132978489,312.852132978489
2304,16.522009065337873,16.522009065337873,16.522009065337873
2305,340.3925108612301,340.3925108612301,340.3925108612301
2306,69.62870991888349,69.62870991888349,69.62870991888349
2307,66.18371389941058,66.18371389941058,66.18371389941058
2308,264.9340027269445,264.9340027269445,264.9340027269445
2309,5.940247852132806,5.940247852132806,5.940247852132806
2310,37.843487291615915,37.843487291615915,37.843487291615915
2311,180.10503320118332,180.10503320118332,180.10503320118332
2312,398.1328364967449,398.1328364967449,398.1328364967449
2313,86.1585776888045,86.1585776888045,86.1585776888045
2314,199.0558084100483,199.0558084100483,199.0558084100483
2315,184.51907903207908,184.51907903207908,184.51907903221263
2316,3955.6664866065694,3955.6664866065694,4338.940693679384
2317,35.25329488406548,35.25329488406548,35.25329488406548
2318,451.16100318270054,451.16100318270054,451.16100318270054
2319,12.617939861324462,12.617939861324462,12.617939861324462
2321,16.058915525915154,16.058915525915154,16.058915525915154
2322,268.0696026295276,268.0696026295276,268.0696026295276
2324,749.1139174511824,749.1139174511824,749.1139174511824
2325,7.432152711350323,7.432152711350323,7.432152711350323
2326,39.78809057916428,39.78809057916428,39.78809057916428
2327,430.2070168159007,430.2070168159007,430.2070168159007
2328,31.81579565409327,31.81579565409327,31.81579565409327
2329,22.824571937018078,22.824571937018078,22.824571937018078
2330,15.403731042492941,15.403731042492941,15.403731042492941
2331,1068.150327957628,1068.150327957628,1531.2209990144843
2332,53.99675877985787,53.99675877985787,53.99675877985787
2333,2988.605671822264,2988.605671822264,2988.605671822264
2334,698.3819279128845,698.3819279128845,698.3819279128845
2335,185.76406873468824,185.76406873468824,185.76406873468824
2336,24.98909797883659,24.98909797883659,24.98909797883659
2337,84.41282762858697,84.41282762858697,84.41282762858697
2338,35.909574728872514,35.909574728872514,35.909574728872514
2339,354.97067794661547,354.97067794661547,354.97067794661547
2340,20.513384672916217,20.513384672916217,20.513384672916217
2341,,,
2342,869.73990685967,869.73990685967,869.73990685967
2343,,,
2344,575.2741648048311,575.2741648048311,673.3983441455655
2345,228.25551221730817,228.25551221730817,228.25551221730817
2346,18.696679869225637,18.696679869225637,18.696679869225637
2347,44.93234070013039,44.93234070013039,44.93234070013039
2348,,,
2349,724.6724270997538,724.6724270997538,724.6724270997538
2350,274.22164999647305,274.22164999647305,274.22164999647305
2351,2198.3904612210554,2198.3904612210554,2198.3904612210554
2352,97.5811842091055,97.5811842091055,97.5811842091055
2353,2588.539539190542,2588.539539190542,2588.539539190542
2354,,,
2355,419.3187080455639,419.3187080455639,419.3187080455639
2356,571.53638603155,571.53638603155,571.53638603155
2357,776.5240942215665,776.5240942215665,776.5240942215665
2358,486.1235125414544,486.1235125414544,486.1235125414544
2359,84.41282762858697,84.41282762858697,84.41282762858697
2360,4450.552368132236,4450.552368132236,4450.552368132236
2361,41.76706571829066,41.76706571829066,41.76706571829066
2362,1187.275728311761,1187.275728311761,1187.275728311761
2363,84.41282762858697,84.41282762858697,84.41282762858697
2364,510.81122133180685,510.81122133180685,1709.120323090836
2365,254.17449009860474,254.17449009860474,254.17449009860474
2366,90.36373677879762,90.36373677879762,90.36373677879762
2367,551.6906237417099,551.6906237417099,551.6906237417099
2368,467.70829057461134,467.70829057461134,467.70829057461134
2369,877.9679328216583,877.9679328216583,1264.4691238072403
2370,766.3582124921353,766.3582124921353,954.2040620722173
2371,286.0895306219237,286.0895306219237,286.0895306219237
2372,317.09408614639773,317.09408614639773,317.09408614639773
2373,34.049848188411524,34.049848188411524,34.049848188411524
2374,,,
2375,,,
2376,220.77431810515228,220.77431810515228,220.77431810515228
2377,98.60733586595673,98.60733586595673,217.2554366954946
2378,861.1289152042006,861.1289152042006,861.1289152042006
2379,1991.285834254811,1991.285834254811,1991.285834254811
2380,194.6856421980899,194.6856421980899,194.6856421980899
2381,145.91385634276256,145.91385634276256,145.91385634276256
2382,46.6173716822756,46.6173716822756,46.6173716822756
2383,140.91133399277723,140.91133399277723,140.91133399277723
2384,11.673898094666697,11.673898094666697,62.97128410392349
2385,,,
2386,310.42588514197314,456.6464603767953,829.4797555209708
2387,71.96995343461724,71.96995343461724,71.96995343461724
2388,893.7899708056775,893.7899708056775,893.7899708056775
2389,34.18720117161324,34.18720117161324,34.18720117161324
2390,172.31769969449476,172.31769969449476,172.31769969449476
2391,24.40034922520646,24.40034922520646,24.40034922520646
2392,107.69362344862019,107.69362344862019,107.69362344862019
2393,213.81369187905867,213.81369187905867,213.81369187905867
2394,16.71490893574485,16.71490893574485,16.71490893574485
2395,1192.866692279567,1192.866692279567,1192.866692279567
2396,263.18455721467376,263.18455721467376,263.18455721467376
2397,1072.1571612897003,1072.1571612897003,1072.1571612897003
2398,42.97960715217934,42.97960715217934,42.97960715217934
2399,97.02524721843743,97.02524721843743,97.02524721843743
2400,213.17174939189664,213.17174939189664,213.17174939189664
2401,486.1235125414544,486.1235125414544,486.1235125414544
2402,2588.539539190542,2588.539539190542,2588.539539190542
2403,364.3214314864231,364.3214314864231,364.3214314864231
2404,66.37999450577443,66.37999450577443,66.37999450577443
2405,,,
2406,2187.891584491091,2187.891584491091,2187.891584491091
2407,4209.82122340527,4209.82122340527,4209.82122340527
2408,99.70445674176072,99.70445674176072,99.70445674176072
2409,858.4649509795015,858.4649509795015,858.4649509795015
2410,106.80374579569472,106.80374579569472,106.80374579569472
2411,119.26413907490333,119.26413907490333,119.26413907490333
2412,2474.642264191488,2474.642264191488,2474.642264191488
2413,,,
2414,7.809061989772286,7.809061989772286,284.8183956210973
2415,15.499346285576557,15.499346285576557,15.499346285576557
2416,968.0037994313079,968.0037994313079,968.0037994313079
2417,366.6407354413765,366.6407354413765,366.6407354413765
2418,4.6866887010145755,4.6866887010145755,4.6866887010145755
2419,280.02482813650784,280.02482813650784,280.02482813650784
2420,84.29359940045958,339.3760493895885,339.3760493895885
2421,237.97553267918144,237.97553267918144,237.97553267918144
2422,213.17174939189664,213.17174939189664,213.17174939189664
2423,1072.1571612897003,1072.1571612897003,1072.1571612897003
2424,263.18455721467376,263.18455721467376,263.18455721467376
2425,378.35207479387003,378.35207479387003,378.35207479387003
2426,215.60759822051125,215.60759822051125,215.60759822051125
2427,24.46890097051344,24.46890097051344,24.46890097051344
2428,293.8535061184787,293.8535061184787,293.8535061184787
2429,255.4756373524719,255.4756373524719,282.06141787122203
2430,191.9280964220854,191.9280964220854,191.9280964220854
2431,,,
2432,15.04452046696092,15.04452046696092,15.04452046696092
2433,232.4207513158235,232.4207513158235,232.4207513158235
2434,106.80374579569472,106.80374579569472,106.80374579569472
2435,196.7880364671372,196.7880364671372,196.7880364671372
2436,157.43644853990963,157.43644853990963,157.43644853990963
2437,174.60559995333668,174.60559995333668,174.60559995333668
2438,157.92006175795657,157.92006175795657,157.92006175795657
2439,108.0686533139433,108.0686533139433,108.0686533139433
2440,,,
2441,96.11274622570788,96.11274622570788,96.11274622570788
2442,1935.8838206898206,1935.8838206898206,1935.8838206898206
2443,230.36003104140747,230.36003104140747,230.36003104140747
2444,,,
2445,131.5946718172979,131.5946718172979,331.652957758326
2446,1346.1657038261826,1346.1657038261826,1346.1657038261826
2447,192.59839001941307,192.59839001941307,192.59839001941307
2448,14.445448405784596,14.445448405784596,14.445448405784596
2449,2292.334049999807,2292.334049999807,2292.334049999807
2450,589.3492472286731,589.3492472286731,589.3492472286731
2451,11.702120870559414,11.702120870559414,11.702120870559414
2452,116.70458510736835,116.70458510736835,116.70458510736835
2453,7.097239113850284,7.097239113850284,7.097239113850284
2454,47.40233021076887,47.40233021076887,47.40233021076887
2455,293.74351648457946,293.74351648457946,293.74351648457946
2456,273.65916163154986,273.65916163154986,273.65916163154986
2457,148.65710024201465,373.0316676355768,373.0316676355768
2458,80.4892217516456,546.0619573816612,1302.8315914567029
2459,749.0644521453145,749.0644521453145,749.0644521453145
2460,641.0657749653493,641.0657749653493,641.0657749653493
2461,913.8537947769703,913.8537947769703,913.8537947769703
2462,60.53635888805958,60.53635888805958,60.53635888805958
2463,4.092001847006617,4.092001847006617,4.092001847006617
2464,66.72819489529529,66.72819489529529,430.0786065597943
2465,188.4185440744723,522.0462005148669,522.0462005148669
2466,69.93928761726627,69.93928761726627,69.93928761726627
2467,36.43586370187677,36.43586370187677,36.43586370187677
2468,276.9493504194979,276.9493504194979,276.9493504194979
2469,31.051117332611284,31.051117332611284,70.15572564758301
2470,,,
2471,37.82440384639601,37.82440384639601,37.82440384639601
2472,209.32131353078296,209.32131353078296,209.32131353078296
2473,,,
2474,544.2875110355229,544.2875110355229,544.2875110355229
2475,169.584317840226,169.584317840226,169.584317840226
2476,125.79458342338494,125.79458342338494,125.79458342338494
2477,208.125614330314,208.125614330314,208.125614330314
2478,25.796528017372086,25.796528017372086,25.796528017372086
2479,262.5716066149628,262.5716066149628,423.1703478335979
2480,232.33013265495225,232.33013265495225,843.8405081504305
2481,25.721230485935177,25.721230485935177,25.721230485935177
2482,379.27746889983297,379.27746889983297,379.27746889983297
2483,287.34872077825895,287.34872077825895,287.34872077825895
2484,736.3073030839023,736.3073030839023,736.3073030839023
2485,120.34427834109013,120.34427834109013,120.34427834109013
2486,146.19950807246224,146.19950807246224,146.19950807246224
2487,274.22164999647305,274.22164999647305,274.22164999647305
2488,420.0045887831851,639.7125968726738,639.7125968726738
2489,,,
2490,49.08305480614785,49.08305480614785,49.08305480614785
2491,166.488738470663,184.5336300075811,184.5336300075811
2492,16.058915525915154,16.058915525915154,16.058915525915154
2493,641.0657749653493,641.0657749653493,641.0657749653493
2494,754.159181941114,754.159181941114,754.159181941114
2495,73.86339244860608,73.86339244860608,73.86339244860608
2496,1626.501773062262,1626.501773062262,1626.501773062262
2497,781.1512419087513,781.1512419087513,781.1512419087513
2498,873.6962894315882,873.6962894315882,873.6962894315882
2499,296.5966102072261,296.5966102072261,296.5966102072261
2500,541.0574791050128,647.5115635035552,647.5115635035552
2501,44.495279003220624,44.495279003220624,44.495279003220624
2502,32.22556351590848,158.9513868592977,158.9513868592977
2503,254.27054120582483,1004.783197949214,1004.783197949214
2504,889.6088500957612,889.6088500957612,889.6088500957612
2505,1375.915728286438,1375.915728286438,3726.927625522622
2506,,,
2507,174.73415994247446,1982.2559376851577,1982.2559376851577
2508,4.2879616872716415,4.2879616872716415,1672.0853252599554
2509,384.2964177199988,384.2964177199988,384.2964177199988
2510,1022.4161574196141,1022.4161574196141,1022.4161574196141
2511,20.513384672916217,20.513384672916217,20.513384672916217
2512,200.5131784524711,200.5131784524711,200.5131784524711
2513,337.9468550535077,337.9468550535077,337.9468550535077
2514,496.4048724025697,496.4048724025697,496.4048724025697
2515,113.76599462483114,113.76599462483114,525.0417769901475
2516,20.93353779268623,20.93353779268623,20.93353779268623
2517,95.75487578417527,95.75487578417527,95.75487578417527
2518,16.536975163058553,16.536975163058553,16.536975163058553
2519,14.230807089897628,14.230807089897628,14.230807089897628
2520,665.3777828618222,665.3777828618222,665.3777828618222
2521,692.1950687665957,692.1950687665957,692.1950687665957
2522,724.068786875559,724.068786875559,724.068786875559
2523,571.53638603155,571.53638603155,571.53638603155
2524,8.349582088413571,8.349582088413571,44.13216523900705
2525,354.323783386906,354.323783386906,456.96244241929236
2526,332.362192043052,332.362192043052,332.362192043052
2527,486.1235125414544,486.1235125414544,486.1235125414544
2528,21.360126989809004,21.360126989809004,21.360126989809004
2529,33.40633279882319,33.40633279882319,33.40633279882319
2530,184.4501050593141,184.4501050593141,184.4501050593141
2531,505.35275651531015,505.35275651531015,505.35275651531015
2532,619.5290357805926,621.7025531796779,621.7025531796779
2533,1222.0762398579138,1222.0762398579138,1222.0762398579138
2534,28.130118020032583,28.130118020032583,28.130118020032583
2536,237.97553267918144,237.97553267918144,237.97553267918144
2537,407.71154099253573,407.71154099253573,884.3461449896738
2538,419.3187080455639,419.3187080455639,419.3187080455639
2539,228.08633819115903,228.08633819115903,228.08633819115903
2540,1178.3174778717798,1178.3174778717798,1178.3174778717798
2541,773.432567860117,773.432567860117,773.432567860117
2542,478.6592332655363,478.6592332655363,478.6592332655363
2543,864.8737018437218,864.8737018437218,864.8737018437218
2544,478.9633461277044,478.9633461277044,478.9633461277044
2545,368.9434953774599,368.9434953774599,368.9434953774599
2546,129.21318850215545,129.21318850215545,129.21318850215545
2547,703.3062307355149,703.3062307355149,703.3062307355149
2548,74.70073618235824,74.70073618235824,74.70073618235824
2549,202.46900660678446,202.46900660678446,202.46900660678446
2550,272.07522445521823,320.14767956086376,320.14767956086376
2551,199.56151366178986,199.56151366178986,199.56151366178986
2552,370.8989960465441,370.8989960465441,370.8989960465441
2553,41.04269264669779,819.304048616274,819.304048616274
2554,961.77997549472,961.77997549472,961.77997549472
2555,61.19036024270122,61.19036024270122,61.19036024270122
2556,4.011945192666572,4.011945192666572,4.011945192666572
2557,638.3130144791631,638.3130144791631,654.223547486476
2558,100.76559702595937,100.76559702595937,504.29662164927925
2559,69.09479196445449,69.09479196445449,432.8163726090165
2560,52.55302914985614,52.55302914985614,315.99911768584536
2561,76.64662415836185,76.64662415836185,76.64662415836185
2562,62.49009809044098,62.49009809044098,62.49009809044098
2563,150.79056194793228,314.7925492568299,314.7925492568299
2564,15.08710670288367,15.08710670288367,15.08710670288367
2565,52.7991627408136,52.7991627408136,52.7991627408136
2566,495.061113399244,495.061113399244,495.061113399244
2567,50.41302389358098,87.36592842083076,87.36592842083076
2568,198.19369708968154,198.19369708968154,198.19369708968154
2569,142.6542140550844,142.6542140550844,142.6542140550844
2570,366.6407354413765,366.6407354413765,366.6407354413765
2571,29.464095851396255,29.464095851396255,29.464095851396255
2572,155.69363536777504,155.69363536777504,155.69363536777504
2573,149.60108943874707,149.60108943874707,149.60108943874707
2574,115.10148919644956,528.6540391506021,592.954169236226
2575,183.9289426390881,183.9289426390881,283.52471735190665
2576,478.5020559795949,478.5020559795949,478.5020559795949
2577,463.13606354085266,463.13606354085266,614.9918492093225
2578,176.28523168432676,176.28523168432676,499.59964764279783
2579,110.75917228278591,110.75917228278591,1055.6714137076328
2580,146.54686678647283,146.54686678647283,146.54686678647283
2581,1087.4656823058226,1087.4656823058226,1087.4656823058226
2582,388.11577517293557,388.11577517293557,958.9719729729507
2583,61.451636624804316,61.451636624804316,61.451636624804316
2584,264.08855472983413,264.08855472983413,264.08855472983413
2585,484.2870934753393,484.2870934753393,484.2870934753393
2586,1372.3519591474528,1372.3519591474528,1372.3519591474528
2587,101.28264757099234,101.28264757099234,101.28264757099234
2588,30.717918399266797,30.717918399266797,30.717918399266797
2589,724.7071910186163,724.7071910186163,724.7071910186163
2590,24.49320299959266,24.49320299959266,24.49320299959266
2591,1.8940289290150074,1.8940289290150074,1.8940289290150074
2592,79.29840186625754,209.47083833560765,209.47083833560765
2593,1686.6398575040344,1686.6398575040344,1686.6398575040344
2594,156.87757821337794,156.87757821337794,156.87757821337794
2595,90.63991498559412,90.63991498559412,90.63991498559412
2596,70.04362007066004,70.04362007066004,70.04362007066004
2597,87.71835412411734,87.71835412411734,87.71835412411734
2598,1912.9393131696374,1912.9393131696374,1912.9393131696374
2599,637.1247024391116,637.1247024391116,637.1247024391116
2600,1073.641019152476,1073.641019152476,1073.641019152476
2601,36.673365657459165,36.673365657459165,94.34211529542297
2602,205.19858640788573,205.19858640788573,205.19858640788573
2603,536.4239703218981,536.4239703218981,691.3246816740669
2604,215.8814006355183,215.8814006355183,215.8814006355183
2605,5.452043285369764,5.452043285369764,5.452043285369764
2606,826.1859524724472,826.1859524724472,826.1859524724472
2607,,,
2608,958.9394187264774,958.9394187264774,958.9394187264774
2609,106.27583274518953,106.27583274518953,106.27583274518953
2610,50.782780960449344,50.782780960449344,50.782780960449344
2611,939.224443186371,939.224443186371,939.224443186371
2612,79.56065711270395,79.56065711270395,79.56065711270395
2613,59.176222499870185,59.176222499870185,577.6613589822331
2614,102.89686462288908,907.7628962117745,907.7628962117745
2615,612.9445882516518,2065.210389446155,2065.210389446155
2616,1239.038266902175,1239.038266902175,1239.038266902175
2617,366.97980824164574,366.97980824164574,366.97980824164574
2618,477.39083907036724,477.39083907036724,477.39083907036724
2619,426.9008315303336,426.9008315303336,426.9008315303336
2620,42.76967298472077,42.76967298472077,42.76967298472077
2621,1332.9923968518422,1332.9923968518422,1332.9923968518422
2622,587.5160465699627,587.5160465699627,587.5160465699627
2623,32.9380163548231,32.9380163548231,32.9380163548231
2624,14.683995125963731,14.683995125963731,14.683995125963731
2625,132.9392344758833,132.9392344758833,132.9392344758833
2626,179.65947140833603,179.65947140833603,179.65947140833603
2627,573.4745328831652,573.4745328831652,573.4745328831652
2628,106.22004702668187,106.22004702668187,106.22004702668187
2629,131.6989192215471,131.6989192215471,131.6989192215471
2630,585.1189038368693,585.1189038368693,585.1189038368693
2631,1.2863996800129114,1.2863996800129114,1.2863996800129114
2632,1227.7797737714473,1227.7797737714473,1227.7797737714473
2633,0.6106768319432582,0.6106768319432582,0.6106768319432582
2634,202.95890745995084,202.95890745995084,202.95890745995084
2635,445.1951877329691,445.1951877329691,445.1951877329691
2636,,,
2637,215.0000427977274,215.0000427977274,215.0000427977274
2638,40.61794724783814,40.61794724783814,40.61794724783814
2639,1187.275728311761,1187.275728311761,1187.275728311761
2640,299.231833904669,521.0250059401634,641.5571908335113
2641,21.32287083430699,21.32287083430699,21.32287083430699
2642,469.378619279996,469.378619279996,469.378619279996
2643,32.40116768046116,32.40116768046116,36.6374227009388
2644,358.9211609125596,358.9211609125596,1169.714882134518
2645,42.18988825735491,42.18988825735491,42.18988825735491
2646,86.52833507340362,86.52833507340362,86.52833507340362
2647,38.08003131570604,38.08003131570604,38.08003131570604
2648,482.6501677768341,482.6501677768341,482.6501677768341
2649,85.08608621584891,85.08608621584891,85.08608621584891
2650,42.66625318727582,42.66625318727582,198.51300526468088
2651,224.46867193637974,224.46867193637974,224.46867193637974
2652,199.04842052665597,199.04842052665597,199.04842052665597
2653,32.8066902532897,32.8066902532897,32.8066902532897
2654,181.93332208966487,181.93332208966487,181.93332208966487
2655,9.046737395568435,9.046737395568435,9.046737395568435
2656,309.4828017114523,309.4828017114523,309.4828017114523
2657,209.30684977953814,209.30684977953814,209.30684977953814
2658,11.223358049351072,11.223358049351072,11.223358049351072
2659,71.86431878281026,71.86431878281026,71.86431878281026
2660,1196.402609898378,1196.402609898378,1196.402609898378
2661,234.08657275867398,234.08657275867398,234.08657275867398
2662,18.045115269327457,18.045115269327457,18.045115269327457
2663,82.94229940629154,82.94229940629154,554.349085370058
2664,184.7894227327167,184.7894227327167,184.7894227327167
2665,57.102037195633784,57.102037195633784,57.102037195633784
2666,927.5455694857144,927.5455694857144,927.5455694857144
2667,2.8509695728989577,2.8509695728989577,16.99463949785016
2668,36.93191832909269,36.93191832909269,36.93191832909269
2669,298.89668801089175,298.89668801089175,569.129677323969
2670,5.868377061024492,5.868377061024492,5.868377061024492
2671,528.9924852610369,557.807232422006,557.807232422006
2672,40.744392378747825,40.744392378747825,40.744392378747825
2673,156.92573736928725,156.92573736928725,156.92573736928725
2674,16.342636826980797,16.342636826980797,16.342636826980797
2675,,,
2676,49.275672602839975,49.275672602839975,49.275672602839975
2677,120.28345206523257,120.28345206523257,120.28345206523257
2678,41.76706571829066,41.76706571829066,41.76706571829066
2679,265.68454720518906,265.68454720518906,265.68454720518906
2680,838.3700828620221,838.3700828620221,838.3700828620221
2681,133.44467387833765,133.44467387833765,133.44467387833765
2682,100.40007105715871,100.40007105715871,100.40007105715871
2683,363.95304554160504,363.95304554160504,363.95304554160504
2684,430.9286765546127,430.9286765546127,430.9286765546127
2685,148.59836841723705,148.59836841723705,154.16209732170094
2686,233.27661942222286,233.27661942222286,233.27661942222286
2687,1374.4282691807332,1374.4282691807332,1374.4282691807332
2688,17.587065593945123,17.587065593945123,17.587065593945123
2689,698.4579543594149,698.4579543594149,978.3115583633296
2690,276.5031359346135,276.5031359346135,276.5031359346135
2691,18.51406516456715,18.51406516456715,18.51406516456715
2692,34.55052309519043,34.55052309519043,34.55052309519043
2693,,,
2694,8.466823635997615,8.466823635997615,60.582669104542276
2695,244.80622322020466,244.80622322020466,402.429877285198
2696,141.78251031195123,141.78251031195123,141.78251031195123
2697,320.965424424308,320.965424424308,320.965424424308
2698,24.533272921239767,24.533272921239767,79.12816610101463
2699,319.31930535808493,319.31930535808493,414.75516690472466
2700,17.81031347189161,17.81031347189161,175.0427327298752
2701,84.50040914761884,84.50040914761884,246.9359776307353
2702,143.65706136313162,143.65706136313162,143.65706136313162
2703,364.31433922769827,364.31433922769827,364.31433922769827
2704,23.21872304430022,23.21872304430022,23.21872304430022
2705,968.7012571512978,968.7012571512978,968.7012571512978
2706,253.04196348896463,253.04196348896463,253.04196348896463
2707,21.39547405083923,21.39547405083923,362.8619529330858
2708,451.66067202923017,451.66067202923017,451.66067202923017
2709,1075.5420012835798,1075.5420012835798,1653.6450420875556
2710,850.124947354754,850.124947354754,867.4387085023535
2711,,,
2712,2588.539539190542,2588.539539190542,2588.539539190542
2713,618.1813515880432,618.1813515880432,618.1813515880432
2714,59.16618275314993,59.16618275314993,59.16618275314993
2715,149.43404148916983,440.30688727715534,440.30688727715534
2716,98.60733586595673,98.60733586595673,217.2554366954946
2717,152.34672697414888,152.34672697414888,152.34672697414888
2718,140.92576507445753,140.92576507445753,140.92576507445753
2719,467.5380469660198,467.5380469660198,467.5380469660198
2720,418.25697195414256,418.25697195414256,418.25697195414256
2721,16.76344131710921,16.76344131710921,16.76344131710921
2722,,,
2723,183.65239190057417,183.65239190057417,183.65239190057417
2724,138.8980747021696,138.8980747021696,138.8980747021696
2725,671.7944043747922,671.7944043747922,671.7944043747922
2726,,,
2727,1086.3042563535307,1086.3042563535307,1086.3042563535307
2728,467.5380469660198,467.5380469660198,467.5380469660198
2729,418.25697195414256,418.25697195414256,418.25697195414256
2730,16.653019268336887,16.653019268336887,16.653019268336887
2731,211.3609920976122,211.3609920976122,211.3609920976122
2732,74.18449781111242,74.18449781111242,74.18449781111242
2733,11.071493732664292,11.071493732664292,11.071493732664292
2734,79.53754031978575,79.53754031978575,79.53754031978575
2735,1842.8776764008967,1842.8776764008967,1842.8776764008967
2736,,,
2737,1800.2523996326206,1800.2523996326206,1800.2523996326206
2738,189.51663244507122,189.51663244507122,189.51663244507122
2739,1163.7597821690522,1163.7597821690522,1163.7597821690522
2740,1137.2337102044453,1137.2337102044453,1137.2337102044453
2741,9.138430224872966,9.138430224872966,9.138430224872966
2742,,,
2743,106.22004702668187,106.22004702668187,106.22004702668187
2744,79.90026456425187,79.90026456425187,79.90026456425187
2745,97.77813720227697,97.77813720227697,97.77813720227697
2746,7.854303818473387,7.854303818473387,7.854303818473387
2747,900.1315780764805,900.1315780764805,1953.6474965753987
2748,1894.4999645995833,1894.4999645995833,1894.4999645995833
2749,418.25697195414256,418.25697195414256,418.25697195414256
2750,62.294929854008934,62.294929854008934,148.28106096222083
2751,,,
2752,92.39996185874433,92.39996185874433,92.39996185874433
2753,676.7898491449926,676.7898491449926,676.7898491449926
2754,166.74044949704032,166.74044949704032,166.74044949704032
2755,199.39478855605262,199.39478855605262,199.39478855605262
2756,418.2583365298879,418.2583365298879,418.2583365298879
2757,303.93694305808907,303.93694305808907,303.93694305808907
2758,6.898498310978576,6.898498310978576,6.898498310978576
2759,269.3144126384652,269.3144126384652,269.3144126384652
2760,264.6003246389382,264.6003246389382,264.6003246389382
2761,281.4180771904301,703.0162724006728,703.0162724006728
2762,180.70421021727466,180.70421021727466,180.70421021727466
2763,26.19454386621294,26.19454386621294,26.19454386621294
2764,398.65945262364346,398.65945262364346,1708.5863994952567
2765,279.5724324362172,279.5724324362172,279.5724324362172
2766,53.37020458563906,53.37020458563906,53.37020458563906
2767,513.4824844767172,513.4824844767172,513.4824844767172
2768,753.2307955284869,753.2307955284869,753.2307955284869
2769,358.6610885355785,1326.8491064632808,1326.8491064632808
2770,73.63385742930492,73.63385742930492,73.63385742930492
2771,118.30742277131225,118.30742277131225,118.30742277131225
2772,2436.3476603570725,2436.3476603570725,2755.464496555039
2773,712.3905215463574,712.3905215463574,712.3905215463574
2774,144.4189279080917,144.4189279080917,144.4189279080917
2775,176.38360191517359,176.38360191517359,394.3543739503707
2776,,,
2777,28.601476058027394,28.601476058027394,28.601476058027394
2778,170.78463037973958,170.78463037973958,170.78463037973958
2779,1571.9621624002655,1571.9621624002655,1571.9621624002655
2780,1532.715446830223,1532.715446830223,1532.715446830223
2781,612.603388959148,612.603388959148,612.603388959148
2782,109.14304489917488,109.14304489917488,513.3693343769379
2783,1422.591945235776,1422.591945235776,1422.591945235776
2784,446.8993408783055,446.8993408783055,446.8993408783055
2785,170.61928369237913,170.61928369237913,170.61928369237913
2786,168.22608357649597,168.22608357649597,168.22608357649597
2787,256.14065855936366,256.14065855936366,256.14065855936366
2788,11.415987882594493,11.415987882594493,11.415987882594493
2789,226.88100112541468,226.88100112541468,226.88100112541468
2790,415.92315343957017,415.92315343957017,415.92315343957017
2791,797.2256535321505,797.2256535321505,797.2256535321505
2792,98.73947996128585,98.73947996128585,98.73947996128585
2793,1634.097487383403,1634.097487383403,1634.097487383403
2794,880.4156755968978,880.4156755968978,880.4156755968978
2795,279.5724324362172,279.5724324362172,279.5724324362172
2796,11.418896170613372,11.418896170613372,11.418896170613372
2797,190.7393830733289,190.7393830733289,203.75077900560183
2798,5.480828236425459,108.04862333973254,178.96516550973925
2799,1651.5047666938328,1651.5047666938328,1651.5047666938328
2800,720.2960799153923,720.2960799153923,720.2960799153923
2801,125.7190802359262,125.7190802359262,125.7190802359262
2802,101.49350035884585,101.49350035884585,101.49350035884585
2803,570.1173465426564,570.1173465426564,570.1173465426564
2804,138.1756821412777,138.1756821412777,138.1756821412777
2805,430.11178399161855,430.11178399161855,430.11178399161855
2806,5.438201136896524,5.438201136896524,5.438201136896524
2807,177.97779786028812,177.97779786028812,177.97779786028812
2808,121.94954793706425,121.94954793706425,620.3723513121738
2809,1257.5189591953206,1257.5189591953206,1257.5189591953206
2810,252.09426042119608,252.09426042119608,252.09426042119608
2811,2.433265641411705,2.433265641411705,2.433265641411705
2812,2.4098933514237726,2.4098933514237726,2.4098933514237726
2813,12.407370437072345,12.407370437072345,12.407370437072345
2814,860.3482489518732,860.3482489518732,860.3482489518732
2815,551.6906237417099,551.6906237417099,551.6906237417099
2816,62.35473617575131,62.35473617575131,62.35473617575131
2817,166.488738470663,184.5336300075811,184.5336300075811
2818,739.1430670645271,739.1430670645271,739.1430670645271
2819,1851.773736304497,1851.773736304497,1851.773736304497
2820,627.9349338961168,627.9349338961168,627.9349338961168
2821,691.0441445597057,691.0441445597057,691.0441445597057
2822,189.51663244507122,189.51663244507122,189.51663244507122
2823,972.9837834758598,972.9837834758598,972.9837834758598
2824,77.46500801503933,77.46500801503933,77.46500801503933
2825,1856.8554079773905,1856.8554079773905,1856.8554079773905
2826,141.78251031195123,141.78251031195123,141.78251031195123
2827,228.57255753120646,228.57255753120646,228.57255753120646
2828,1163.7597821690522,1163.7597821690522,1163.7597821690522
2829,579.8566665600428,579.8566665600428,579.8566665600428
2830,88.69445830739714,88.69445830739714,88.69445830739714
2831,16.267094434080658,16.267094434080658,16.267094434080658
2832,7.854303818473387,7.854303818473387,7.854303818473387
2833,65.20976224101257,533.0868652267642,533.0868652267642
2834,21.34956715811862,1095.8926962178978,1095.8926962178978
2835,500.24099222510966,500.24099222510966,500.24099222510966
2836,1160.025079931246,1160.025079931246,3032.9231156746478
2837,129.53133581667785,478.7027545234541,478.7027545234541
2838,35.63607408971256,35.63607408971256,35.63607408971256
2839,193.48602704088722,193.48602704088722,540.1032039765912
2840,141.1576488419874,141.1576488419874,141.1576488419874
2841,587.9499944957452,676.369445184493,676.369445184493
2842,288.6996039891948,288.6996039891948,288.6996039891948
2843,205.3965472533488,205.3965472533488,205.3965472533488
2844,141.66917574087128,141.66917574087128,141.66917574087128
2845,80.1010604161149,662.5003245227086,662.5003245227086
2846,14.281479596064093,14.281479596064093,14.281479596064093
2847,150.78419555750483,150.78419555750483,150.78419555750483
2848,106.22004702668187,106.22004702668187,106.22004702668187
2849,156.92573736928725,156.92573736928725,156.92573736928725
2850,1640.4095696449276,1640.4095696449276,1640.4095696449276
2851,723.8798775864868,723.8798775864868,723.8798775864868
2852,146.52272901429285,146.52272901429285,146.52272901429285
2853,95.98921961877222,95.98921961877222,95.98921961877222
2854,1056.7689150569092,1845.386469300955,1845.386469300955
2855,25.95443179665103,25.95443179665103,155.40821191244342
2856,481.51259015209604,481.51259015209604,481.51259015209604
2857,176.13749160105203,674.7439299843475,674.7439299843475
2858,56.46663715660623,56.46663715660623,56.46663715660623
2859,32.9380163548231,32.9380163548231,32.9380163548231
2860,139.09770085525375,139.09770085525375,139.09770085525375
2861,25.044209596115948,25.044209596115948,25.044209596115948
2862,475.3096646910023,475.3096646910023,475.3096646910023
2863,972.9837834758598,972.9837834758598,972.9837834758598
2864,88.69445830739714,88.69445830739714,88.69445830739714
2865,691.0441445597057,691.0441445597057,691.0441445597057
2866,587.9499944957452,676.369445184493,676.369445184493
2867,723.8798775864868,723.8798775864868,723.8798775864868
2868,159.555759599465,159.555759599465,159.555759599465
2869,80.1010604161149,662.5003245227086,662.5003245227086
2870,166.488738470663,184.5336300075811,184.5336300075811
2871,129.53133581667785,478.7027545234541,478.7027545234541
2872,43.78850884568909,43.78850884568909,57.73396534709417
2873,13.159696396561879,13.159696396561879,13.159696396561879
2874,,,
2875,,,
2876,2707.900911440799,2707.900911440799,2707.900911440799
2877,941.1887767381193,941.1887767381193,941.1887767381193
2878,622.8528123756696,622.8528123756696,622.8528123756696
2879,698.3819279128845,698.3819279128845,698.3819279128845
2880,40.31974854804136,40.31974854804136,40.31974854804136
2881,,,
2882,286.0895306219237,286.0895306219237,286.0895306219237
2883,42.0685755466755,42.0685755466755,42.0685755466755
2884,704.7121817892643,704.7121817892643,704.7121817892643
2885,354.0114636538772,354.0114636538772,354.0114636538772
2886,98.60733586595673,98.60733586595673,111.1717254854324
2887,350.40514162197826,350.40514162197826,350.40514162197826
2888,223.145094469265,223.145094469265,223.145094469265
2889,918.1417727222026,918.1417727222026,956.238631987299
2890,11.295764939823698,11.295764939823698,11.295764939823698
2891,,,
2892,,,
2893,,,
2894,,,
2895,1100.2252723833492,1100.2252723833492,2211.488116074922
2896,7354.64385525892,7354.64385525892,7354.64385525892
2897,551.6906237417099,551.6906237417099,551.6906237417099
2898,100.34622956452009,100.34622956452009,100.34622956452009
2899,76.02721416969615,76.02721416969615,76.02721416969615
2900,228.4110518491445,228.4110518491445,784.443306891039
2901,8.957880530409383,8.957880530409383,8.957880530409383
2902,68.2700525911415,68.2700525911415,68.2700525911415
2903,,,
2904,34.049848188411524,34.049848188411524,34.049848188411524
2905,523.3478319489367,523.3478319489367,523.3478319489367
2906,559.4914793335013,559.4914793335013,559.4914793335013
2907,10.678947511224095,10.678947511224095,1031.649815008633
2908,424.03553619757884,424.03553619757884,424.03553619757884
2909,792.9926901263661,792.9926901263661,792.9926901263661
2910,118.95528214770981,118.95528214770981,118.95528214770981
2911,106.22004702668187,106.22004702668187,106.22004702668187
2912,383.5817785763552,383.5817785763552,383.5817785763552
2913,967.1087023224251,967.1087023224251,967.1087023224251
2914,195.97951086613168,195.97951086613168,195.97951086613168
2915,172.2670039075932,172.2670039075932,172.2670039075932
2916,0.835803737136213,0.835803737136213,0.835803737136213
2917,739.1430670645271,739.1430670645271,739.1430670645271
2918,141.78251031195123,141.78251031195123,141.78251031195123
2919,106.22004702668187,106.22004702668187,106.22004702668187
2920,792.9926901263661,792.9926901263661,792.9926901263661
2921,118.95528214770981,118.95528214770981,118.95528214770981
2922,383.5817785763552,383.5817785763552,383.5817785763552
2923,195.97951086613168,195.97951086613168,195.97951086613168
2924,967.1087023224251,967.1087023224251,967.1087023224251
2925,,,
2926,584.4313063043929,584.4313063043929,584.4313063043929
2927,20.331426348789847,20.331426348789847,20.331426348789847
2928,385.64798830786526,385.64798830786526,385.64798830786526
2929,43.474814021836764,43.474814021836764,43.474814021836764
2930,6.208846433314842,38.23272843283251,38.23272843283251
2931,106.22004702668187,106.22004702668187,106.22004702668187
2932,144.2622331295192,144.2622331295192,144.2622331295192
2933,209.3924098613388,209.3924098613388,209.3924098613388
2934,54.121719711130666,126.33946028640474,126.33946028640474
2935,106.42747548161479,106.42747548161479,106.42747548161479
2936,116.89215790406311,116.89215790406311,116.89215790406311
2937,468.7017952704176,468.7017952704176,468.7017952704176
2938,130.87738924269968,1043.456182935731,1043.456182935731
2939,524.8111692786987,524.8111692786987,524.8111692786987
2940,202.4173951711188,202.4173951711188,202.4173951711188
2941,12.61726292400007,12.61726292400007,12.61726292400007
2942,908.7923122199803,908.7923122199803,908.7923122199803
2943,276.5031359346135,276.5031359346135,276.5031359346135
2944,448.54127740281393,448.54127740281393,448.54127740281393
2945,8.120556173350494,8.120556173350494,8.120556173350494
2946,5547.430768508874,5547.430768508874,5547.430768508874
2947,18.50278133557698,78.7789350112285,191.1884974583626
2948,74.36974127621342,74.36974127621342,74.36974127621342
2949,112.07244959882725,112.07244959882725,221.29353587255028
2950,866.4111489686105,1523.7189371405884,1523.7189371405884
2951,1.7875991969687421,1.7875991969687421,1.7875991969687421
2952,27.5545772489275,27.5545772489275,27.5545772489275
2953,3.6772816126582977,3.6772816126582977,3.6772816126582977
2954,192.26136082468886,192.26136082468886,192.26136082468886
2955,851.5259852461356,2993.9830368145663,2993.9830368145663
2956,389.1490815193399,389.1490815193399,389.1490815193399
2957,278.7857854793158,278.7857854793158,278.7857854793158
2958,155.69314611429255,155.69314611429255,155.69314611429255
2959,58.42889330438659,58.42889330438659,121.33421002455675
2960,57.48158307029074,57.48158307029074,57.48158307029074
2961,1359.6579058360333,1359.6579058360333,1359.6579058360333
2962,7.151812582446146,7.151812582446146,7.151812582703325
2963,2870.0657076290913,2870.0657076290913,2870.0657076290913
2964,5771.441227273112,5771.441227273112,5771.441227273112
2965,147.66447359925988,147.66447359925988,798.4009976989739
2966,252.5592048157195,252.5592048157195,252.5592048157195
2967,58.879442727249995,58.879442727249995,58.879442727249995
2968,19.996498277789406,19.996498277789406,19.996498277789406
2969,185.46616365813608,185.46616365813608,185.46616365813608
2970,0.1414169113723604,0.1414169113723604,0.1414169113723604
2971,35.31053570008581,35.31053570008581,35.31053570008581
2972,322.7130215566392,322.7130215562446,322.7130215562446
2973,1746.4282442801853,1746.4282442801853,1746.4282442801853
2974,171.21656261316204,171.21656261316204,171.21656261316204
2975,117.39587988903607,117.39587988903607,117.39587988903607
2976,661.2428746003654,661.2428746003654,661.2428746003654
2977,311.1985454460706,311.1985454460706,311.1985454460706
2978,20.06440488784793,20.06440488784793,20.06440488784793
2979,537.1470150218261,537.1470150218261,537.1470150218261
2980,28.311230066602153,28.311230066602153,28.311230066602153
2981,50.10702495448656,50.10702495448656,50.10702495448656
2982,320.965424424308,320.965424424308,320.965424424308
2983,226.37838158439294,226.37838158439294,226.37838158439294
2984,432.6059771809511,432.6059771809511,432.6059771809511
2985,607.7800397727768,1152.6612932373941,1152.6612932373941
2986,,,
2987,1896.0866809337354,1896.0866809337354,1896.0866809337354
2988,754.3361204901174,754.3361204901174,754.3361204901174
2989,5.394195354625731,5.394195354625731,5.394195354625731
2990,2.5212529775047194,2.5212529775047194,2.5212529775047194
2991,2.535489005443987,2.535489005443987,2.535489005443987
2992,48.22173715753726,48.22173715753726,48.22173715753726
2993,7.8396771969495935,7.8396771969495935,126.34457733725019
2994,48.22173715753726,48.22173715753726,48.22173715753726
2995,2.5212529775047194,2.5212529775047194,2.5212529775047194
2996,7.8396771969495935,7.8396771969495935,126.34457733725019
2997,5.394195354625731,5.394195354625731,5.394195354625731
2998,2.535489005443987,2.535489005443987,2.535489005443987
2999,754.3361204901174,754.3361204901174,754.3361204901174
3000,4.438096667337369,4.438096667337369,4.438096667337369
3001,38.90706928694587,38.90706928694587,38.90706928694587
3002,14.951414477257964,14.951414477257964,14.951414477257964
3003,54.121719711130666,126.33946028640474,126.33946028640474
3004,0.1414169113723604,0.1414169113723604,0.1414169113723604
3005,127.24096718216425,127.24096718216425,467.46600661754167
3006,25.951430021790095,25.951430021790095,155.81685189600185
